{
  "type": "platt",
  "coef": 0.7988543615342563,
  "intercept": -1.5929040527522362
}