{
  "subreddit": "anxiety",
  "features": {
    "hopelessness_density_delta": {
      "mean": -8.249336600707996e-05,
      "std": 0.005733092039095116,
      "min": -0.019497775860605616,
      "max": 0.013946098818590826
    },
    "hopelessness_density": {
      "mean": 0.009081108534861564,
      "std": 0.005294384646300529,
      "min": 0.0029893423397825735,
      "max": 0.025812681330742583
    },
    "first_person_singular_ratio": {
      "mean": 0.07529870144940926,
      "std": 0.005408780354184271,
      "min": 0.06706946055622669,
      "max": 0.090927440954737
    },
    "avg_compound": {
      "mean": 0.0014384158797335893,
      "std": 0.17771768996485543,
      "min": -0.44429325842696626,
      "max": 0.24384999999999998
    },
    "avg_positive_roll4w": {
      "mean": 0.12798867040932352,
      "std": 0.006628107733518028,
      "min": 0.11408201044703356,
      "max": 0.153
    },
    "pct_negative_roll2w": {
      "mean": 0.0620677227339988,
      "std": 0.01838483216223309,
      "min": 0.0,
      "max": 0.11687631027253668
    },
    "avg_flesch_kincaid": {
      "mean": 4.644508388937197,
      "std": 0.1920037160850231,
      "min": 4.087178730733212,
      "max": 5.0304218956353095
    },
    "help_seeking_density_delta": {
      "mean": 0.00014684477053569577,
      "std": 0.00393094457580407,
      "min": -0.009383581133424274,
      "max": 0.016272001224850202
    },
    "distress_density_roll2w": {
      "mean": 0.0237785550816956,
      "std": 0.0047076933863526415,
      "min": 0.006024096385542169,
      "max": 0.0355331848685043
    },
    "avg_negative_roll4w": {
      "mean": 0.12359411582106222,
      "std": 0.017277291584791094,
      "min": 0.06475,
      "max": 0.17267935540072565
    },
    "avg_compound_roll4w": {
      "mean": 0.0036073243500024535,
      "std": 0.11226483342265571,
      "min": -0.3148667495645143,
      "max": 0.24384999999999998
    },
    "pct_very_negative_roll4w": {
      "mean": 0.3799582892520815,
      "std": 0.07448867548397599,
      "min": 0.25,
      "max": 0.5950219445920281
    },
    "std_word_count": {
      "mean": 17.081485468271385,
      "std": 1.2158550747218384,
      "min": 13.717969240329333,
      "max": 20.474068965401088
    },
    "pct_negative_roll4w": {
      "mean": 0.06186158043383172,
      "std": 0.013618161999680077,
      "min": 0.0,
      "max": 0.08977008586939669
    },
    "first_person_singular_ratio_delta": {
      "mean": -7.03655530773691e-06,
      "std": 0.0063320276748863496,
      "min": -0.020399333176195633,
      "max": 0.011385424506865513
    },
    "avg_negative_delta": {
      "mean": 0.0003670314900153612,
      "std": 0.030523966429291404,
      "min": -0.08589060045910354,
      "max": 0.07242822687017146
    },
    "week_cos": {
      "mean": -0.08220912583089575,
      "std": 0.7023717849643459,
      "min": -1.0,
      "max": 1.0
    },
    "std_word_count_delta": {
      "mean": -0.043568678227673574,
      "std": 1.6400339950632044,
      "min": -4.337405666312343,
      "max": 5.105634312816404
    },
    "std_word_count_roll2w": {
      "mean": 17.103269807385225,
      "std": 0.9301108294358432,
      "min": 14.720773475064263,
      "max": 20.474068965401088
    },
    "avg_neutral_delta": {
      "mean": -0.0001839477726574491,
      "std": 0.021934366976404877,
      "min": -0.05805683060109312,
      "max": 0.05928252990213867
    },
    "pct_negative": {
      "mean": 0.062307738094981906,
      "std": 0.023759267588425354,
      "min": 0.0,
      "max": 0.12264150943396226
    },
    "avg_word_count_delta": {
      "mean": -0.04233870967741935,
      "std": 3.013763091150742,
      "min": -9.453918089121736,
      "max": 7.63095238095238
    },
    "week_sin": {
      "mean": 0.07283093019817821,
      "std": 0.7108794834578117,
      "min": -1.0,
      "max": 1.0
    },
    "new_poster_ratio_roll4w": {
      "mean": 0.07381349491498292,
      "std": 0.21615882334575248,
      "min": 0.0,
      "max": 1.0
    },
    "first_person_singular_ratio_roll2w": {
      "mean": 0.07530221972706312,
      "std": 0.0043813496682634625,
      "min": 0.06904109579313229,
      "max": 0.08635375457089206
    },
    "help_seeking_density_roll4w": {
      "mean": 0.025197326278729445,
      "std": 0.002373121482324146,
      "min": 0.010869565217391304,
      "max": 0.029180904687961563
    },
    "posting_time_entropy_roll2w": {
      "mean": 3.0075056534497335,
      "std": 0.2479874842529974,
      "min": 1.0397207708399179,
      "max": 3.12185948404045
    },
    "avg_positive_delta": {
      "mean": -0.0001826996927803379,
      "std": 0.01290936852401855,
      "min": -0.039427432495344514,
      "max": 0.03688373975995431
    },
    "avg_flesch_kincaid_roll2w": {
      "mean": 4.64161097049314,
      "std": 0.1582563788572502,
      "min": 4.087178730733212,
      "max": 4.900279443224779
    },
    "pct_positive_roll2w": {
      "mean": 0.5196818246061506,
      "std": 0.10171274676484447,
      "min": 0.24256788389513104,
      "max": 0.75
    },
    "avg_flesch_kincaid_roll4w": {
      "mean": 4.638671719414983,
      "std": 0.1246531818675736,
      "min": 4.087178730733212,
      "max": 4.827270019213998
    },
    "help_seeking_density": {
      "mean": 0.025329105936466284,
      "std": 0.0031658072907026057,
      "min": 0.010869565217391304,
      "max": 0.034575031544898625
    },
    "posting_time_entropy_delta": {
      "mean": 0.022315847553069923,
      "std": 0.27581762783445657,
      "min": -0.5107200898325841,
      "max": 2.037961898244755
    },
    "avg_type_token_ratio_roll4w": {
      "mean": 0.8748558448194086,
      "std": 0.01078096553370757,
      "min": 0.8463629637457084,
      "max": 0.9206331253869232
    },
    "pct_negative_delta": {
      "mean": 0.00048003072196620616,
      "std": 0.031355227330029586,
      "min": -0.05391503143455896,
      "max": 0.08955223880597014
    },
    "avg_neutral_roll2w": {
      "mean": 0.7482226655574036,
      "std": 0.015278077916347292,
      "min": 0.7101679125138427,
      "max": 0.78225
    },
    "avg_comments_roll2w": {
      "mean": 4.770373346447218,
      "std": 0.3165771160040269,
      "min": 4.403910268622595,
      "max": 6.75
    },
    "avg_neutral": {
      "mean": 0.7481306916710749,
      "std": 0.018680524710226413,
      "min": 0.7047624309392265,
      "max": 0.78225
    },
    "avg_type_token_ratio": {
      "mean": 0.8743389905722254,
      "std": 0.015772965716607676,
      "min": 0.8243927766215275,
      "max": 0.9206331253869232
    },
    "avg_negative": {
      "mean": 0.12410974213156349,
      "std": 0.02703755202454731,
      "min": 0.06475,
      "max": 0.19209420289855073
    },
    "first_person_singular_ratio_roll4w": {
      "mean": 0.07528968610735541,
      "std": 0.003200040643591814,
      "min": 0.0698645967637792,
      "max": 0.08446405531324067
    },
    "distress_density_roll4w": {
      "mean": 0.023701697763155758,
      "std": 0.003727082699139185,
      "min": 0.006024096385542169,
      "max": 0.03376931508768517
    },
    "help_seeking_density_roll2w": {
      "mean": 0.025255683551198435,
      "std": 0.0026983599853764527,
      "min": 0.010869565217391304,
      "max": 0.030684871874884126
    },
    "pct_neutral_delta": {
      "mean": 0.000672043010752688,
      "std": 0.02365535525239201,
      "min": -0.04853966459393254,
      "max": 0.08370665339306455
    },
    "distress_density_delta": {
      "mean": 0.0001287316495147016,
      "std": 0.006787599155369837,
      "min": -0.017224380144682413,
      "max": 0.02278929307368896
    },
    "pct_neutral_roll2w": {
      "mean": 0.037402950642908495,
      "std": 0.014954519573519131,
      "min": 0.0,
      "max": 0.07975605892602566
    },
    "unique_posters_delta": {
      "mean": 0.989247311827957,
      "std": 38.229994661503774,
      "min": -75.0,
      "max": 116.0
    },
    "pct_neutral": {
      "mean": 0.03773897214828484,