{
  "subreddit": "anxiety",
  "features": {
    "avg_word_count": {
      "mean": 162.99626148713995,
      "std": 43.20779118527276,
      "min": 0.0,
      "max": 199.61070110701107
    },
    "std_word_count": {
      "mean": 158.17248817962667,
      "std": 48.66544777476415,
      "min": 0.0,
      "max": 313.9548485123371
    },
    "avg_char_count": {
      "mean": 856.0832559407877,
      "std": 227.03512985240008,
      "min": 0.0,
      "max": 1052.859778597786
    },
    "avg_type_token_ratio": {
      "mean": 0.6540343034037417,
      "std": 0.16917856546908644,
      "min": 0.0,
      "max": 0.7214298725883035
    },
    "avg_flesch_kincaid": {
      "mean": 7.728312146793191,
      "std": 2.0166437940051996,
      "min": 0.0,
      "max": 9.458005675321298
    },
    "first_person_singular_ratio": {
      "mean": 0.08005662166896393,
      "std": 0.020720917326747194,
      "min": 0.0,
      "max": 0.08894660584229631
    },
    "first_person_plural_ratio": {
      "mean": 0.0016160046761341989,
      "std": 0.0005149709598311788,
      "min": 0.0,
      "max": 0.0027639515692944555
    },
    "avg_compound": {
      "mean": -0.245036911654029,
      "std": 0.07389073714104281,
      "min": -0.34879723018147085,
      "max": 0.0
    },
    "avg_positive": {
      "mean": 0.09677520175403581,
      "std": 0.0251616989482885,
      "min": 0.0,
      "max": 0.11069111969111971
    },
    "avg_negative": {
      "mean": 0.1344650247485578,
      "std": 0.03497020135262252,
      "min": 0.0,
      "max": 0.15382882882882887
    },
    "avg_neutral": {
      "mean": 0.7066904788069649,
      "std": 0.18248059151594598,
      "min": 0.0,
      "max": 0.7638527131782945
    },
    "pct_very_negative": {
      "mean": 0.5107464549640568,
      "std": 0.1345659309698492,
      "min": 0.0,
      "max": 0.627906976744186
    },
    "pct_negative": {
      "mean": 0.09016043424836456,
      "std": 0.026242744067778195,
      "min": 0.0,
      "max": 0.13492927094668117
    },
    "pct_neutral": {
      "mean": 0.01485324025497444,
      "std": 0.007252596816459252,
      "min": 0.0,
      "max": 0.036996735582154515
    },
    "pct_positive": {
      "mean": 0.3221709050153629,
      "std": 0.08602864293363476,
      "min": 0.0,
      "max": 0.4015444015444015
    },
    "hopelessness_density": {
      "mean": 0.00046743939578999826,
      "std": 0.00015920233176630459,
      "min": 0.0,
      "max": 0.0010023850425074942
    },
    "help_seeking_density": {
      "mean": 0.006620911514130848,
      "std": 0.001841689780960786,
      "min": 0.0,
      "max": 0.009503160189970238
    },
    "distress_density": {
      "mean": 0.019969668580844174,
      "std": 0.005433093543734762,
      "min": 0.0,
      "max": 0.02487662500902846
    },
    "suicidality_density": {
      "mean": 0.04195808177364423,
      "std": 0.015539364041422199,
      "min": 0.0,
      "max": 0.0821917808219178
    },
    "isolation_density": {
      "mean": 0.16075684508766,
      "std": 0.0477627445896856,
      "min": 0.0,
      "max": 0.2383073496659243
    },
    "economic_stress_density": {
      "mean": 0.04152589981839703,
      "std": 0.01565240085538999,
      "min": 0.0,
      "max": 0.08004778972520908
    },
    "domestic_stress_density": {
      "mean": 0.00545655751723415,
      "std": 0.003631156006162415,
      "min": 0.0,
      "max": 0.01867219917012448
    },
    "post_volume": {
      "mean": 710.1172413793104,
      "std": 351.10594126607594,
      "min": 0.0,
      "max": 1376.0
    },
    "avg_comments": {
      "mean": 0.0,
      "std": 0.0,
      "min": 0.0,
      "max": 0.0
    },
    "unique_posters": {
      "mean": 640.6758620689656,
      "std": 287.53190361048587,
      "min": 0.0,
      "max": 1246.0
    },
    "new_poster_ratio": {
      "mean": 0.7534126467039447,
      "std": 0.22812898552764388,
      "min": 0.0,
      "max": 1.0
    },
    "posting_time_entropy": {
      "mean": 1.0997027721171933,
      "std": 1.498483588612587,
      "min": 0.0,
      "max": 3.156334644950301
    },
    "dominant_topic": {
      "mean": 0.0,
      "std": 0.0,
      "min": 0.0,
      "max": 0.0
    },
    "topic_entropy": {
      "mean": 0.3464322155004995,
      "std": 0.18524677288727553,
      "min": -0.0,
      "max": 0.8647787743929878
    },
    "topic_shift_jsd": {
      "mean": 0.11813674805819084,
      "std": 0.04844558287841343,
      "min": 0.0,
      "max": 0.2172853376470861
    },
    "topic_shift_jsd_4w": {
      "mean": 0.11453390630339966,
      "std": 0.04969661496314016,
      "min": 0.0,
      "max": 0.22007818228504544
    },
    "avg_word_count_delta": {
      "mean": -0.11601980437624128,
      "std": 30.49208568109926,
      "min": -177.16209476309226,
      "max": 188.331569664903
    },
    "std_word_count_delta": {
      "mean": 0.30515736842515795,
      "std": 37.13728782332884,
      "min": -160.61801205068258,
      "max": 187.87532764790058
    },
    "avg_char_count_delta": {
      "mean": -0.6776942070023685,
      "std": 159.87327631440232,
      "min": -931.7381546134663,
      "max": 983.4656084656085
    },
    "avg_type_token_ratio_delta": {
      "mean": 0.00020107767599536513,
      "std": 0.11623165229074495,
      "min": -0.6937891501170597,
      "max": 0.6979217722754902
    },
    "avg_flesch_kincaid_delta": {
      "mean": 0.0019544963728976377,
      "std": 1.4283001991789488,
      "min": -8.669827597740738,
      "max": 8.402524118218144
    },
    "first_person_singular_ratio_delta": {
      "mean": 1.238290875628857e-05,
      "std": 0.014471187638214682,
      "min": -0.08699620319116423,
      "max": 0.08627655488961024
    },
    "first_person_plural_ratio_delta": {
      "mean": 2.4469759405831974e-06,
      "std": 0.00045143934405296026,
      "min": -0.0012499058319500513,
      "max": 0.0019595004881661875
    },
    "avg_compound_delta": {
      "mean": 0.00042745566652660434,
      "std": 0.06688213194501749,
      "min": -0.28867146198830407,
      "max": 0.34139600997506236
    },
    "avg_positive_delta": {
      "mean": 9.435061639396627e-06,
      "std": 0.017523841828404156,
      "min": -0.10377461139896374,
      "max": 0.10723985890652557
    },
    "avg_negative_delta": {
      "mean": -2.7493727061032726e-05,
      "std": 0.02461143353052512,
      "min": -0.14719689119170984,
      "max": 0.1496362573099415
    },
    "avg_neutral_delta": {
      "mean": 1.8054553815317275e-05,
      "std": 0.12549698645701424,
      "min": -0.763291770573566,
      "max": 0.7514550264550265
    },
    "pct_very_negative_delta": {
      "mean": -0.0003311721485214475,
      "std": 0.0984445502305427,
      "min": -0.5985037406483791,
      "max": 0.5777777777777777
    },
    "pct_negative_delta": {
      "mean": 7.57203437741176e-05,
      "std": 0.022609187029952387,
      "min": -0.09326424870466321,
      "max": 0.09876543209876543
    },
    "pct_neutral_delta": {
      "mean": -6.083925085489353e-06,
      "std": 0.007566918557414919,
      "min": -0.01685838527943791,
      "max": 0.02292768959435626
    },
    "pct_positive_delta": {
      "mean": 0.0002615357298328188,
      "std": 0.06143706112700385,
      "min": -0.31865284974093266,
      "max": 0.36331569664902996
    },
    "hopelessness_density_delta": {
      "mean": -7.817385937967465e-07,
      "std": 0.00017193910699862165,
      "min": -0.0005168414683952855,
      "max": 0.0005325543302677284
    },
    "help_seeking_density_delta": {
      "mean": -6.661129979069694e-06,
      "std": 0.00147702925677251,
      "min": -0.008330374875329801,
      "max": 0.007671636628973214
    },
    "distress_density_delta": {
      "mean": 1.2828559207338888e-06,
      "std": 0.0039010452984178934,
      "min": -0.02411432936945538,
      "max": 0.022743036791439034
    },
    "suicidality_density_delta": {
      "mean": -4.589554464147853e-05,
      "std": 0.015883257726297645,
      "min": -0.042476131632758145,