{
  "subreddit": "anxiety",
  "features": {
    "avg_word_count": {
      "mean": 172.6374031637981,
      "std": 10.720272896641687,
      "min": 151.4280193236715,
      "max": 199.61070110701107
    },
    "std_word_count": {
      "mean": 168.4121688426494,
      "std": 26.976406894815263,
      "min": 116.64792349890836,
      "max": 313.9548485123371
    },
    "avg_char_count": {
      "mean": 906.5056793098496,
      "std": 57.029835385904526,
      "min": 786.5033816425121,
      "max": 1052.859778597786
    },
    "avg_type_token_ratio": {
      "mean": 0.6987241769702688,
      "std": 0.012011994926665626,
      "min": 0.6659601316208345,
      "max": 0.7227788907452392
    },
    "avg_flesch_kincaid": {
      "mean": 8.256896598103884,
      "std": 0.32025032202441794,
      "min": 7.593217432113225,
      "max": 9.630111836794406
    },
    "first_person_singular_ratio": {
      "mean": 0.08540067520260732,
      "std": 0.0015511636519841107,
      "min": 0.08124141323485239,
      "max": 0.08894660584229631
    },
    "first_person_plural_ratio": {
      "mean": 0.0017272998448595836,
      "std": 0.00030878881496054664,
      "min": 0.000962514552442248,
      "max": 0.0027639515692944555
    },
    "avg_compound": {
      "mean": -0.25962614492405034,
      "std": 0.03872181317316407,
      "min": -0.34879723018147085,
      "max": -0.17345289575289574
    },
    "avg_positive": {
      "mean": 0.10331628681235282,
      "std": 0.003106291702881973,
      "min": 0.09179069767441861,
      "max": 0.1106911196911197
    },
    "avg_negative": {
      "mean": 0.1432824656970687,
      "std": 0.004278127821040369,
      "min": 0.132646449704142,
      "max": 0.15382882882882878
    },
    "avg_neutral": {
      "mean": 0.7534010807240611,
      "std": 0.004560806761418091,
      "min": 0.7424473684210526,
      "max": 0.7638527131782946
    },
    "pct_very_negative": {
      "mean": 0.5426083840841417,
      "std": 0.027905629672751227,
      "min": 0.48639825897714906,
      "max": 0.627906976744186
    },
    "pct_negative": {
      "mean": 0.09699303370150457,
      "std": 0.012763447989207121,
      "min": 0.05426356589147287,
      "max": 0.13492927094668117
    },
    "pct_neutral": {
      "mean": 0.016320521216635138,
      "std": 0.006452903028868524,
      "min": 0.0,
      "max": 0.036996735582154515
    },
    "pct_positive": {
      "mean": 0.3440780609977186,
      "std": 0.022158480432605026,
      "min": 0.29045643153526973,
      "max": 0.4015444015444015
    },
    "hopelessness_density": {
      "mean": 0.0006595579520777747,
      "std": 0.00013214872509228283,
      "min": 0.0003632448765488872,
      "max": 0.0011579327795155313
    },
    "help_seeking_density": {
      "mean": 0.007285698369290417,
      "std": 0.0007285855725320784,
      "min": 0.005777088269594808,
      "max": 0.009648071514067233
    },
    "distress_density": {
      "mean": 0.022589484255625045,
      "std": 0.0018604763497985476,
      "min": 0.018583709319826447,
      "max": 0.026465589963026254
    },
    "post_volume": {
      "mean": 774.3082191780821,
      "std": 305.31682956354996,
      "min": 111.0,
      "max": 1376.0
    },
    "avg_comments": {
      "mean": 0.0,
      "std": 0.0,
      "min": 0.0,
      "max": 0.0
    },
    "unique_posters": {
      "mean": 695.0410958904109,
      "std": 238.72693610822037,
      "min": 111.0,
      "max": 1246.0
    },
    "new_poster_ratio": {
      "mean": 0.7912953389689263,
      "std": 0.12688028762340925,
      "min": 0.6038647342995169,
      "max": 1.0
    },
    "posting_time_entropy": {
      "mean": 1.3071989603893956,
      "std": 1.5487033365713943,
      "min": 0.0,
      "max": 3.156334644950301
    },
    "dominant_topic": {
      "mean": 0.0,
      "std": 0.0,
      "min": 0.0,
      "max": 0.0
    },
    "topic_entropy": {
      "mean": 0.34102734770059534,
      "std": 0.16405629105248162,
      "min": -0.0,
      "max": 0.7133762361170515
    },
    "topic_shift_jsd": {
      "mean": 0.11158837021647625,
      "std": 0.03946990289873993,
      "min": 0.0,
      "max": 0.22855321607566834
    },
    "topic_shift_jsd_4w": {
      "mean": 0.10894334953612013,
      "std": 0.04449739717575116,
      "min": 0.0,
      "max": 0.209741622136793
    },
    "avg_word_count_delta": {
      "mean": -0.15519903107023625,
      "std": 9.771572780459618,
      "min": -31.29734494605509,
      "max": 31.16652290588459
    },
    "std_word_count_delta": {
      "mean": -0.07709940406935722,
      "std": 27.51828809598774,
      "min": -113.29518960781624,
      "max": 86.55669515898586
    },
    "avg_char_count_delta": {
      "mean": -0.8355815505486723,
      "std": 51.18590351917171,
      "min": -170.2518910855283,
      "max": 164.4150613379337
    },
    "avg_type_token_ratio_delta": {
      "mean": 0.00021955563227908743,
      "std": 0.00858565565417341,
      "min": -0.020075614723001567,
      "max": 0.051540692118479337
    },
    "avg_flesch_kincaid_delta": {
      "mean": 0.005585431515297813,
      "std": 0.3702473378323351,
      "min": -1.4180074642283955,
      "max": 1.4170701507936379
    },
    "first_person_singular_ratio_delta": {
      "mean": -1.5668645328210655e-05,
      "std": 0.0020762178682037194,
      "min": -0.005272308941499632,
      "max": 0.006889988589167534
    },
    "first_person_plural_ratio_delta": {
      "mean": 3.743712465696188e-06,
      "std": 0.0003737888593984675,
      "min": -0.0010613952201384371,
      "max": 0.0010417187319753302
    },
    "avg_compound_delta": {
      "mean": 0.0005819436459922445,
      "std": 0.04638084082503749,
      "min": -0.11640012875134606,
      "max": 0.13328865648237134
    },
    "avg_positive_delta": {
      "mean": 2.733755057681254e-05,
      "std": 0.00407979245834942,
      "min": -0.013371836760843123,
      "max": 0.01393991457047937
    },
    "avg_negative_delta": {
      "mean": -3.439177897244368e-05,
      "std": 0.004489199125661037,
      "min": -0.012494435732712833,
      "max": 0.01482957417917205
    },
    "avg_neutral_delta": {
      "mean": 7.2396735740107035e-06,
      "std": 0.005393701323271823,
      "min": -0.018880362671384376,
      "max": 0.01481835609243709
    },
    "pct_very_negative_delta": {
      "mean": -0.00048278796633019065,
      "std": 0.028623878122020118,
      "min": -0.09822661144738243,
      "max": 0.07121119902617168
    },
    "pct_negative_delta": {
      "mean": 0.0001566964746147066,
      "std": 0.016868296999519687,
      "min": -0.042651107696247914,
      "max": 0.05075926515875544
    },
    "pct_neutral_delta": {
      "mean": 2.4169264226537702e-05,
      "std": 0.007309978746242024,
      "min": -0.01685838527943791,
      "max": 0.021015000422337164
    },
    "pct_positive_delta": {
      "mean": 0.0003019222274889464,
      "std": 0.028871330818429342,
      "min": -0.0676221400603026,
      "max": 0.07108351459355561
    },
    "hopelessness_density_delta": {
      "mean": -9.703278850559665e-07,
      "std": 0.00018998140096461276,
      "min": -0.0005615158281537012,
      "max": 0.0006759673919773724
    },
    "help_seeking_density_delta": {
      "mean": -7.730861799854104e-06,
      "std": 0.0008701221021628934,
      "min": -0.003525565045553165,
      "max": 0.0033015450387632247
    },
    "distress_density_delta": {
      "mean": -6.683239948282422e-06,
      "std": 0.001491811550331032,
      "min": -0.006396950609618989,
      "max": 0.005072645261863067
    },
    "post_volume_delta": {
      "mean": 2.2260273972602738,
      "std": 186.49259097968607,
      "min": -693.0,
      "max": 1013.0
    },
    "avg_comments_delta": {
      "mean": 0.0,
      "std": 0.0,
      "min": 0.0,
      "max": 0.0
    },
    "unique_posters_delta": {
      "mean": 1.2808219178082192,
      "std": 152.94063500770872,
      "min": -693.0,
      "max": 738.0
    },
    "new_poster_ratio_delta": {
      "mean": -0.002713255244523857,