{
  "subreddit": "anxiety",
  "features": {
    "avg_word_count": {
      "mean": 165.56708677393124,
      "std": 11.643240480587336,
      "min": 138.66603595080417,
      "max": 199.61070110701107
    },
    "std_word_count": {
      "mean": 163.35487779015392,
      "std": 23.348412552379077,
      "min": 116.64792349890836,
      "max": 313.9548485123371
    },
    "avg_char_count": {
      "mean": 869.1301634240011,
      "std": 61.90420217356562,
      "min": 726.3509933774834,
      "max": 1052.859778597786
    },
    "avg_type_token_ratio": {
      "mean": 0.7076297575665438,
      "std": 0.012884421159182518,
      "min": 0.6659601316208345,
      "max": 0.7301728479813632
    },
    "avg_flesch_kincaid": {
      "mean": 8.564709058231868,
      "std": 0.4173033949873776,
      "min": 7.593217432113225,
      "max": 10.084862041819596
    },
    "first_person_singular_ratio": {
      "mean": 0.08521450494921524,
      "std": 0.0014735056892800262,
      "min": 0.07990914858947817,
      "max": 0.08894660584229631
    },
    "first_person_plural_ratio": {
      "mean": 0.0015998803028031247,
      "std": 0.00028013183383149526,
      "min": 0.000962514552442248,
      "max": 0.0027639515692944555
    },
    "avg_compound": {
      "mean": -0.2662503809023968,
      "std": 0.03286338306162975,
      "min": -0.34879723018147085,
      "max": -0.17345289575289574
    },
    "avg_positive": {
      "mean": 0.10212682800030032,
      "std": 0.003030067144229931,
      "min": 0.09179069767441861,
      "max": 0.11809219088937094
    },
    "avg_negative": {
      "mean": 0.1429388035491898,
      "std": 0.0034310327118239592,
      "min": 0.132646449704142,
      "max": 0.15382882882882878
    },
    "avg_neutral": {
      "mean": 0.7549348440656967,
      "std": 0.004376578734703484,
      "min": 0.7371431670281995,
      "max": 0.7638527131782946
    },
    "pct_very_negative": {
      "mean": 0.5410334657914259,
      "std": 0.0229299463424545,
      "min": 0.48639825897714906,
      "max": 0.627906976744186
    },
    "pct_negative": {
      "mean": 0.10160618360916772,
      "std": 0.012087645584978409,
      "min": 0.05426356589147287,
      "max": 0.13492927094668117
    },
    "pct_neutral": {
      "mean": 0.01900992688301173,
      "std": 0.006091927394292411,
      "min": 0.0,
      "max": 0.03764921946740129
    },
    "pct_positive": {
      "mean": 0.3383504237163946,
      "std": 0.019534687608732695,
      "min": 0.29045643153526973,
      "max": 0.4015444015444015
    },
    "hopelessness_density": {
      "mean": 0.0006644697085225016,
      "std": 0.00011762057764455292,
      "min": 0.0003632448765488872,
      "max": 0.0011579327795155313
    },
    "help_seeking_density": {
      "mean": 0.007127174065624005,
      "std": 0.0006217892461390461,
      "min": 0.005761708363269996,
      "max": 0.009648071514067233
    },
    "distress_density": {
      "mean": 0.022289058487918335,
      "std": 0.0014403492398523442,
      "min": 0.018583709319826447,
      "max": 0.026465589963026254
    },
    "post_volume": {
      "mean": 1082.2763157894738,
      "std": 457.7351648643334,
      "min": 111.0,
      "max": 2195.0
    },
    "avg_comments": {
      "mean": 0.0,
      "std": 0.0,
      "min": 0.0,
      "max": 0.0
    },
    "unique_posters": {
      "mean": 948.4309210526316,
      "std": 378.82360267679127,
      "min": 111.0,
      "max": 1920.0
    },
    "new_poster_ratio": {
      "mean": 0.7067185029832268,
      "std": 0.12389078649245984,
      "min": 0.5630182421227198,
      "max": 1.0
    },
    "posting_time_entropy": {
      "mean": 2.2606443409862904,
      "std": 1.4108900792270824,
      "min": 0.0,
      "max": 3.1580814371481534
    },
    "dominant_topic": {
      "mean": 0.0,
      "std": 0.0,
      "min": 0.0,
      "max": 0.0
    },
    "topic_entropy": {
      "mean": 0.0,
      "std": 0.0,
      "min": 0.0,
      "max": 0.0
    },
    "topic_shift_jsd": {
      "mean": 0.0,
      "std": 0.0,
      "min": 0.0,
      "max": 0.0
    },
    "avg_word_count_delta": {
      "mean": -0.03763327611313989,
      "std": 8.763823706005942,
      "min": -31.29734494605509,
      "max": 31.16652290588459
    },
    "std_word_count_delta": {
      "mean": 0.005046697524302377,
      "std": 26.365613759418142,
      "min": -113.29518960781624,
      "max": 86.55669515898586
    },
    "avg_char_count_delta": {
      "mean": -0.18948265604013229,
      "std": 45.851665152298345,
      "min": -170.2518910855283,
      "max": 164.4150613379337
    },
    "avg_type_token_ratio_delta": {
      "mean": 8.86388907247193e-05,
      "std": 0.0073446480171045735,
      "min": -0.020075614723001567,
      "max": 0.051540692118479337
    },
    "avg_flesch_kincaid_delta": {
      "mean": 0.003092388186139909,
      "std": 0.34519204802340225,
      "min": -1.4180074642283955,
      "max": 1.4170701507936379
    },
    "first_person_singular_ratio_delta": {
      "mean": -1.2197596056780116e-05,
      "std": 0.0018247167478211328,
      "min": -0.005272308941499632,
      "max": 0.006889988589167534
    },
    "first_person_plural_ratio_delta": {
      "mean": 3.218380112567072e-07,
      "std": 0.00031554491051454247,
      "min": -0.0010613952201384371,
      "max": 0.0010417187319753302
    },
    "avg_compound_delta": {
      "mean": 6.356509270208466e-05,
      "std": 0.03879595581564523,
      "min": -0.11640012875134606,
      "max": 0.13328865648237134
    },
    "avg_positive_delta": {
      "mean": -5.679689312510973e-06,
      "std": 0.0035297570533334524,
      "min": -0.013371836760843123,
      "max": 0.01393991457047937
    },
    "avg_negative_delta": {
      "mean": -1.351141232073288e-05,
      "std": 0.0037657027406979237,
      "min": -0.012494435732712833,
      "max": 0.01482957417917205
    },
    "avg_neutral_delta": {
      "mean": 1.9344991212338902e-05,
      "std": 0.004627245547518998,
      "min": -0.018880362671384376,
      "max": 0.01481835609243709
    },
    "pct_very_negative_delta": {
      "mean": -0.0001187472486602366,
      "std": 0.025118754023979787,
      "min": -0.09822661144738243,
      "max": 0.07145308581234333
    },
    "pct_negative_delta": {
      "mean": 9.68963992204548e-05,
      "std": 0.01503146567306349,
      "min": -0.042651107696247914,
      "max": 0.05075926515875544
    },
    "pct_neutral_delta": {
      "mean": 7.069392465811775e-06,
      "std": 0.006717529221180205,
      "min": -0.01685838527943791,
      "max": 0.021015000422337164
    },
    "pct_positive_delta": {
      "mean": 1.4781456973970072e-05,
      "std": 0.0243152287281495,
      "min": -0.0676221400603026,
      "max": 0.07108351459355561
    },
    "hopelessness_density_delta": {
      "mean": -5.485679822271583e-07,
      "std": 0.000169709262220271,
      "min": -0.0005615158281537012,
      "max": 0.0006759673919773724
    },
    "help_seeking_density_delta": {
      "mean": -2.2142509390699447e-06,
      "std": 0.0007428343518863415,
      "min": -0.003525565045553165,
      "max": 0.0033015450387632247
    },
    "distress_density_delta": {
      "mean": -2.3926647890368e-06,
      "std": 0.0012228767369690558,
      "min": -0.006396950609618989,
      "max": 0.005072645261863067
    },
    "post_volume_delta": {
      "mean": 3.1710526315789473,
      "std": 152.80338652942842,
      "min": -693.0,
      "max": 1013.0
    },
    "avg_comments_delta": {
      "mean": 0.0,
      "std": 0.0,
      "min": 0.0,
      "max": 0.0
    },
    "unique_posters_delta": {
      "mean": 2.513157894736842,
      "std": 124.45617606327065,
      "min": -693.0,
      "max": 738.0
    },
    "new_poster_ratio_delta": {
      "mean": -0.001299400636823375,
      "std": 0.038306633758689174,
      "min": -0.2645914396887159,
      "max": 0.27428393524283934
    },
    "posting_time_entropy_delta": {
      "mean": 0.010364111294934005,
      "std": 0.2994979986527161,
      "min": -2.765435935605386,