{
  "type": "platt",
  "coef": 1.6500531778362246,
  "intercept": -1.1782473470306178
}