{
  "subreddit": "depression",
  "features": {
    "avg_word_count": {
      "mean": 184.5632650464149,
      "std": 9.133815658609137,
      "min": 159.82236842105263,
      "max": 210.6527487821851
    },
    "std_word_count": {
      "mean": 206.23422329014178,
      "std": 27.07787359284206,
      "min": 140.02049201407723,
      "max": 319.15369170996183
    },
    "avg_char_count": {
      "mean": 951.4542035181104,
      "std": 47.7388454418781,
      "min": 824.2214022140222,
      "max": 1088.4773834377174
    },
    "avg_type_token_ratio": {
      "mean": 0.6912874146592173,
      "std": 0.008603365646723548,
      "min": 0.6662117214830879,
      "max": 0.7116458249085226
    },
    "avg_flesch_kincaid": {
      "mean": 8.230274487994137,
      "std": 0.6014238693049307,
      "min": 7.132450649569644,
      "max": 11.522990012449378
    },
    "first_person_singular_ratio": {
      "mean": 0.09671275949880255,
      "std": 0.0024933417700802236,
      "min": 0.0903851638124674,
      "max": 0.10215254863094854
    },
    "first_person_plural_ratio": {
      "mean": 0.001825218440621788,
      "std": 0.000216318800909901,
      "min": 0.0011911760630228514,
      "max": 0.002525244534479001
    },
    "avg_compound": {
      "mean": -0.28420743635017,
      "std": 0.026813716501468784,
      "min": -0.3575767346938775,
      "max": -0.15220030120481928
    },
    "avg_positive": {
      "mean": 0.11642340441180137,
      "std": 0.002580402993424007,
      "min": 0.11038933601609659,
      "max": 0.12335516372795968
    },
    "avg_negative": {
      "mean": 0.15690640667034425,
      "std": 0.0027520971245396783,
      "min": 0.14516265060240963,
      "max": 0.16421341463414632
    },
    "avg_neutral": {
      "mean": 0.7266703690551952,
      "std": 0.003365762046346089,
      "min": 0.7154904706339946,
      "max": 0.7351746987951808
    },
    "pct_very_negative": {
      "mean": 0.5577862534478992,
      "std": 0.01743164400924374,
      "min": 0.49096385542168675,
      "max": 0.6244897959183674
    },
    "pct_negative": {
      "mean": 0.09108833680199871,
      "std": 0.008712663526368814,
      "min": 0.06927710843373494,
      "max": 0.11845102505694761
    },
    "pct_neutral": {
      "mean": 0.023163623025247087,
      "std": 0.005644294455886332,
      "min": 0.0,
      "max": 0.03620803159973667
    },
    "pct_positive": {
      "mean": 0.32796178672485504,
      "std": 0.016509008926786417,
      "min": 0.28296703296703296,
      "max": 0.4186746987951807
    },
    "hopelessness_density": {
      "mean": 0.002232716066543276,
      "std": 0.00023917450765757533,
      "min": 0.0016803287720500832,
      "max": 0.0033658818903706655
    },
    "help_seeking_density": {
      "mean": 0.003998709857409403,
      "std": 0.0004594345918711009,
      "min": 0.0032373387067521765,
      "max": 0.005970718408739897
    },
    "distress_density": {
      "mean": 0.011303146498956508,
      "std": 0.0008444592129468745,
      "min": 0.010008608213626558,
      "max": 0.014410918575262345
    },
    "post_volume": {
      "mean": 1803.5017301038063,
      "std": 515.0639262142847,
      "min": 245.0,
      "max": 3258.0
    },
    "avg_comments": {
      "mean": 0.0,
      "std": 0.0,
      "min": 0.0,
      "max": 0.0
    },
    "unique_posters": {
      "mean": 1621.9723183391004,
      "std": 462.3905042253048,
      "min": 245.0,
      "max": 3258.0
    },
    "new_poster_ratio": {
      "mean": 0.7252564574400243,
      "std": 0.10368820182757853,
      "min": 0.5930232558139535,
      "max": 1.0
    },
    "posting_time_entropy": {
      "mean": 2.3824741066406405,
      "std": 1.3496332683889434,
      "min": 0.0,
      "max": 3.1626029359253303
    },
    "dominant_topic": {
      "mean": 0.0,
      "std": 0.0,
      "min": 0.0,
      "max": 0.0
    },
    "topic_entropy": {
      "mean": 0.0,
      "std": 0.0,
      "min": 0.0,
      "max": 0.0
    },
    "topic_shift_jsd": {
      "mean": 0.0,
      "std": 0.0,
      "min": 0.0,
      "max": 0.0
    },
    "avg_word_count_delta": {
      "mean": 0.05440969149814976,
      "std": 9.288200911197643,
      "min": -27.814579415294105,
      "max": 27.71491124713083
    },
    "std_word_count_delta": {
      "mean": 0.18901006851625077,
      "std": 34.037726991208224,
      "min": -150.9276839553385,
      "max": 146.83565827757104
    },
    "avg_char_count_delta": {
      "mean": 0.2560310267180702,
      "std": 47.97123384622382,
      "min": -144.41957918325045,
      "max": 145.62292425401677
    },
    "avg_type_token_ratio_delta": {
      "mean": -2.0713414209995753e-05,
      "std": 0.006654078407047907,
      "min": -0.0217804794820442,
      "max": 0.03518094629884605
    },
    "avg_flesch_kincaid_delta": {
      "mean": 0.00534984757237604,
      "std": 0.5949834539900324,
      "min": -3.917041023368819,
      "max": 3.7040258460770366
    },
    "first_person_singular_ratio_delta": {
      "mean": 2.3259501201806944e-05,
      "std": 0.001569391206295735,
      "min": -0.004184739937440077,
      "max": 0.003908010072677881
    },
    "first_person_plural_ratio_delta": {
      "mean": 1.3793796597359237e-06,
      "std": 0.00025543503835759746,
      "min": -0.0006536218034301402,
      "max": 0.0008536811121021928
    },
    "avg_compound_delta": {
      "mean": -0.00013388710706731846,
      "std": 0.028836127197349116,
      "min": -0.10015042343286187,
      "max": 0.10920439207261853
    },
    "avg_positive_delta": {
      "mean": -2.3387280206186157e-05,
      "std": 0.0027026814051652253,
      "min": -0.008441395975327046,
      "max": 0.008541351048205345
    },
    "avg_negative_delta": {
      "mean": -3.542769152981383e-06,
      "std": 0.003065905657070199,
      "min": -0.01122012451720758,
      "max": 0.012895320412083133
    },
    "avg_neutral_delta": {
      "mean": 2.693775937404773e-05,
      "std": 0.003776110902917052,
      "min": -0.012732354749812158,
      "max": 0.012718489168717095
    },
    "pct_very_negative_delta": {
      "mean": 2.47970323431782e-05,
      "std": 0.019402168318292515,
      "min": -0.07547197553372942,
      "max": 0.058500542813977985
    },
    "pct_negative_delta": {
      "mean": 3.1665682798929636e-05,
      "std": 0.011002638355200536,
      "min": -0.026951560766150434,
      "max": 0.03080144642110441
    },
    "pct_neutral_delta": {
      "mean": 4.567215736184451e-05,
      "std": 0.005435191295997012,
      "min": -0.017554479418886198,
      "max": 0.0196078431372549
    },
    "pct_positive_delta": {
      "mean": -0.00010213487250395218,
      "std": 0.017691853962544257,
      "min": -0.06706789350217501,
      "max": 0.07178474664207068
    },
    "hopelessness_density_delta": {
      "mean": 3.2404922300410296e-07,
      "std": 0.00029852412327839036,
      "min": -0.0012443243072398254,
      "max": 0.0008969613171853951
    },
    "help_seeking_density_delta": {
      "mean": -3.6198222599872237e-06,
      "std": 0.00041480833399734255,
      "min": -0.0015343279772362384,
      "max": 0.0012121705325497415
    },
    "distress_density_delta": {
      "mean": -9.433495408963372e-06,
      "std": 0.0006829225410540982,
      "min": -0.0035588720613329225,
      "max": 0.002489928755748971
    },
    "post_volume_delta": {
      "mean": 0.22145328719723184,
      "std": 358.6767338415882,
      "min": -1407.0,
      "max": 2105.0
    },
    "avg_comments_delta": {
      "mean": 0.0,
      "std": 0.0,
      "min": 0.0,
      "max": 0.0
    },
    "unique_posters_delta": {
      "mean": -0.6055363321799307,
      "std": 324.5383100520874,
      "min": -1407.0,
      "max": 2105.0
    },
    "new_poster_ratio_delta": {
      "mean": -0.0011442485490928398,
      "std": 0.03719122766063606,
      "min": -0.28011011699931176,
      "max": 0.2733560545308741
    },
    "posting_time_entropy_delta": {
      "mean": 0.010875104551456873,
      "std": 0.30509912940833955,