{
  "subreddit": "depression",
  "features": {
    "avg_word_count": {
      "mean": 154.45643490502172,
      "std": 69.71310666600823,
      "min": 0.0,
      "max": 210.6527487821851
    },
    "std_word_count": {
      "mean": 171.85255806051498,
      "std": 82.58673380505233,
      "min": 0.0,
      "max": 319.1536917099618
    },
    "avg_char_count": {
      "mean": 798.0191720130235,
      "std": 360.3115711441555,
      "min": 0.0,
      "max": 1088.4773834377174
    },
    "avg_type_token_ratio": {
      "mean": 0.5756193010826546,
      "std": 0.25743924617805747,
      "min": 0.0,
      "max": 0.7116458249085226
    },
    "avg_flesch_kincaid": {
      "mean": 6.539881680742714,
      "std": 2.967997542425265,
      "min": 0.0,
      "max": 11.522990012449377
    },
    "first_person_singular_ratio": {
      "mean": 0.07874514931834689,
      "std": 0.03522728039357095,
      "min": 0.0,
      "max": 0.09783192635136266
    },
    "first_person_plural_ratio": {
      "mean": 0.0015822897036172024,
      "std": 0.0007433022944126673,
      "min": 0.0,
      "max": 0.002525244534479001
    },
    "avg_compound": {
      "mean": -0.22442562662514287,
      "std": 0.10298851225076239,
      "min": -0.3575767346938775,
      "max": 0.0
    },
    "avg_positive": {
      "mean": 0.09871980854799342,
      "std": 0.04416323898780192,
      "min": 0.0,
      "max": 0.12335516372795968
    },
    "avg_negative": {
      "mean": 0.13017384275056415,
      "std": 0.05824801793212838,
      "min": 0.0,
      "max": 0.16408979591836734
    },
    "avg_neutral": {
      "mean": 0.6055888789804681,
      "std": 0.27066307300695414,
      "min": 0.0,
      "max": 0.7351746987951807
    },
    "pct_very_negative": {
      "mean": 0.4607777851298112,
      "std": 0.20666361864232838,
      "min": 0.0,
      "max": 0.6244897959183674
    },
    "pct_negative": {
      "mean": 0.07442479155440315,
      "std": 0.03433312233575211,
      "min": 0.0,
      "max": 0.11845102505694761
    },
    "pct_neutral": {
      "mean": 0.01654593689296007,
      "std": 0.009358465259519699,
      "min": 0.0,
      "max": 0.03269330565646082
    },
    "pct_positive": {
      "mean": 0.28273424504351513,
      "std": 0.1271008687963536,
      "min": 0.0,
      "max": 0.4186746987951807
    },
    "hopelessness_density": {
      "mean": 0.0016100467783911022,
      "std": 0.0007449099374630033,
      "min": 0.0,
      "max": 0.002722481918841974
    },
    "help_seeking_density": {
      "mean": 0.003329333412728152,
      "std": 0.0015665345415844766,
      "min": 0.0,
      "max": 0.005483462111796935
    },
    "distress_density": {
      "mean": 0.009509031002397132,
      "std": 0.004338747782759379,
      "min": 0.0,
      "max": 0.014006510956816471
    },
    "suicidality_density": {
      "mean": 0.2833508551541347,
      "std": 0.17629546343105293,
      "min": 0.0,
      "max": 1.6573971078976641
    },
    "isolation_density": {
      "mean": 0.32926817745683484,
      "std": 0.15156066968823564,
      "min": 0.0,
      "max": 0.5706914344685242
    },
    "economic_stress_density": {
      "mean": 0.07926032155701282,
      "std": 0.03725809694187488,
      "min": 0.0,
      "max": 0.1301322199025748
    },
    "domestic_stress_density": {
      "mean": 0.00787127185613075,
      "std": 0.004709930668810247,
      "min": 0.0,
      "max": 0.024489795918367346
    },
    "post_volume": {
      "mean": 1510.4551724137932,
      "std": 907.1331212741842,
      "min": 0.0,
      "max": 3258.0
    },
    "avg_comments": {
      "mean": 0.0,
      "std": 0.0,
      "min": 0.0,
      "max": 0.0
    },
    "unique_posters": {
      "mean": 1380.0,
      "std": 822.0855761077703,
      "min": 0.0,
      "max": 3258.0
    },
    "new_poster_ratio": {
      "mean": 0.6539886767034586,
      "std": 0.3170174174475688,
      "min": 0.0,
      "max": 1.0
    },
    "posting_time_entropy": {
      "mean": 1.1020666948572204,
      "std": 1.5019435771984688,
      "min": 0.0,
      "max": 3.159418508082328
    },
    "dominant_topic": {
      "mean": 0.0,
      "std": 0.0,
      "min": 0.0,
      "max": 0.0
    },
    "topic_entropy": {
      "mean": 0.36122703201471645,
      "std": 0.2405381992817735,
      "min": 0.0,
      "max": 0.9074116761967095
    },
    "topic_shift_jsd": {
      "mean": 0.12080150177256589,
      "std": 0.06790721308451725,
      "min": 0.0,
      "max": 0.23646801980074872
    },
    "topic_shift_jsd_4w": {
      "mean": 0.12110628749743012,
      "std": 0.06499099790486258,
      "min": 0.0,
      "max": 0.259744769176972
    },
    "avg_word_count_delta": {
      "mean": -0.0010156787219788666,
      "std": 75.40194145867333,
      "min": -199.63579697239538,
      "max": 190.7612293144208
    },
    "std_word_count_delta": {
      "mean": 0.14701955121890717,
      "std": 87.26977201104033,
      "min": -319.1536917099618,
      "max": 319.1536917099618
    },
    "avg_char_count_delta": {
      "mean": -0.04252629278097833,
      "std": 389.0840160879591,
      "min": -1033.1967943009795,
      "max": 987.8747044917258
    },
    "avg_type_token_ratio_delta": {
      "mean": 4.318252660575923e-05,
      "std": 0.29323513362182146,
      "min": -0.6988195753083372,
      "max": 0.7116458249085226
    },
    "avg_flesch_kincaid_delta": {
      "mean": 0.005318787504563752,
      "std": 3.535376129039611,
      "min": -11.522990012449377,
      "max": 11.522990012449377
    },
    "first_person_singular_ratio_delta": {
      "mean": 1.9551860157303074e-05,
      "std": 0.04022821211830091,
      "min": -0.09759951598772963,
      "max": 0.09743589868172933
    },
    "first_person_plural_ratio_delta": {
      "mean": 3.3787463490066905e-06,
      "std": 0.0008461680296579534,
      "min": -0.002509837080619517,
      "max": 0.0022613901659907
    },
    "avg_compound_delta": {
      "mean": -6.618632223389424e-05,
      "std": 0.11998523795759307,
      "min": -0.32129510086455326,
      "max": 0.3276412280701755
    },
    "avg_positive_delta": {
      "mean": -3.0855352049346125e-05,
      "std": 0.049993025561113,
      "min": -0.12335516372795968,
      "max": 0.1217222870478413
    },
    "avg_negative_delta": {
      "mean": -1.2015343916369798e-05,
      "std": 0.0667343229464147,
      "min": -0.162,
      "max": 0.1627798521975885
    },
    "avg_neutral_delta": {
      "mean": 4.294430327009288e-05,
      "std": 0.3083653680569496,
      "min": -0.7310366972477065,
      "max": 0.7351746987951807
    },
    "pct_very_negative_delta": {
      "mean": -2.6185293684462214e-06,
      "std": 0.23787096215708747,
      "min": -0.59613196814562,
      "max": 0.59613196814562
    },
    "pct_negative_delta": {
      "mean": 7.325224953586266e-05,
      "std": 0.03847740777592113,
      "min": -0.1096938775510204,
      "max": 0.1096938775510204
    },
    "pct_neutral_delta": {
      "mean": 6.680578528558474e-05,
      "std": 0.008680103625213296,
      "min": -0.025936599423631124,
      "max": 0.0267639902676399
    },
    "pct_positive_delta": {
      "mean": -0.00013743950545300562,
      "std": 0.14506222268718072,
      "min": -0.3647959183673469,
      "max": 0.4186746987951807
    },
    "hopelessness_density_delta": {
      "mean": 1.0782073704017843e-06,
      "std": 0.0008672296883682521,
      "min": -0.002722481918841974,
      "max": 0.0026399513378671056
    },
    "help_seeking_density_delta": {
      "mean": -5.388711102628633e-06,
      "std": 0.0018742599327153282,
      "min": -0.005411158359429075,
      "max": 0.005483462111796935
    },
    "distress_density_delta": {
      "mean": -1.5963373736244805e-05,
      "std": 0.005083145993635654,
      "min": -0.012629199822723534,
      "max": 0.012795729636538055
    },
    "suicidality_density_delta": {
      "mean": -0.00039415524273128476,
      "std": 0.2560441619789976,
      "min": -1.6573971078976641,
      "max": 1.6573971078976641
    },