{
  "subreddit": "depression",
  "features": {
    "posting_time_entropy_roll2w": {
      "mean": 2.995988691855431,
      "std": 0.19071616320534204,
      "min": 1.5607104090414068,
      "max": 3.1337920827802166
    },
    "pct_positive": {
      "mean": 0.49827490453683554,
      "std": 0.13796134185487188,
      "min": 0.2127659574468085,
      "max": 1.0
    },
    "avg_negative": {
      "mean": 0.1289803061036656,
      "std": 0.03016521376028099,
      "min": 0.032,
      "max": 0.1868636363636364
    },
    "avg_positive": {
      "mean": 0.1259529626260041,
      "std": 0.01238406957346719,
      "min": 0.10141618497109828,
      "max": 0.17533333333333334
    },
    "first_person_singular_ratio": {
      "mean": 0.07599994192486388,
      "std": 0.006153233074017342,
      "min": 0.06246498599439776,
      "max": 0.08898073877157704
    },
    "first_person_singular_ratio_delta": {
      "mean": 7.610939447968904e-05,
      "std": 0.007044994254958098,
      "min": -0.018690798070346515,
      "max": 0.014100108939522252
    },
    "posting_time_entropy_delta": {
      "mean": 0.016073590143683775,
      "std": 0.2705605770204355,
      "min": -0.5127305235428006,
      "max": 1.5694422346848689
    },
    "pct_negative_roll2w": {
      "mean": 0.07083260148082166,
      "std": 0.020126732329842304,
      "min": 0.0,
      "max": 0.11855450956574554
    },
    "avg_flesch_kincaid_roll4w": {
      "mean": 4.6121753873779205,
      "std": 0.10427494099691866,
      "min": 4.371332360386955,
      "max": 4.831523653906008
    },
    "hopelessness_density": {
      "mean": 0.009848963052285142,
      "std": 0.005607111897122609,
      "min": 0.0,
      "max": 0.02302156467889028
    },
    "std_word_count_roll4w": {
      "mean": 17.241837133555546,
      "std": 0.8263897947736702,
      "min": 12.759528030282137,
      "max": 18.39996553376364
    },
    "pct_negative_roll4w": {
      "mean": 0.07019547927712191,
      "std": 0.017077257096872606,
      "min": 0.0,
      "max": 0.10436946328904498
    },
    "distress_density": {
      "mean": 0.0248209421996773,
      "std": 0.006207578572843824,
      "min": 0.003968253968253968,
      "max": 0.037779799160647456
    },
    "help_seeking_density_roll4w": {
      "mean": 0.025020290393037256,
      "std": 0.0011583431156134624,
      "min": 0.021964427939493672,
      "max": 0.02765854516339024
    },
    "std_word_count_roll2w": {
      "mean": 17.281626572152316,
      "std": 0.9708366847817068,
      "min": 12.759528030282137,
      "max": 19.321986125611193
    },
    "avg_comments_roll4w": {
      "mean": 4.728792763025331,
      "std": 0.17139235372593117,
      "min": 4.335069654463755,
      "max": 5.333333333333333
    },
    "avg_comments_roll2w": {
      "mean": 4.723149580089499,
      "std": 0.23513363464515144,
      "min": 4.116926050249211,
      "max": 5.333333333333333
    },
    "avg_positive_delta": {
      "mean": -0.0004817625975121234,
      "std": 0.014452472229930952,
      "min": -0.042736842105263156,
      "max": 0.04093219783819195
    },
    "hopelessness_density_roll2w": {
      "mean": 0.009827522644598099,
      "std": 0.0045767540214955785,
      "min": 0.0,
      "max": 0.019551188267310338
    },
    "avg_comments": {
      "mean": 4.720996030497619,
      "std": 0.3168627825901977,
      "min": 3.7471264367816093,
      "max": 5.333333333333333
    },
    "avg_compound_roll2w": {
      "mean": -0.026358207732811778,
      "std": 0.1784876795126439,
      "min": -0.3674813108614232,
      "max": 0.66535
    },
    "avg_type_token_ratio_delta": {
      "mean": -0.0002837074251596821,
      "std": 0.02077278839930428,
      "min": -0.04751294179160215,
      "max": 0.058364860714205324
    },
    "pct_very_negative_roll2w": {
      "mean": 0.394634196343385,
      "std": 0.11399193433509507,
      "min": 0.0,
      "max": 0.6086142322097379
    },
    "avg_positive_roll2w": {
      "mean": 0.12619384392476016,
      "std": 0.010684935397891593,
      "min": 0.10426864633493847,
      "max": 0.17533333333333334
    },
    "avg_word_count_roll2w": {
      "mean": 47.569813363676204,
      "std": 2.360261181757695,
      "min": 44.177507366583,
      "max": 53.53618164823181
    },
    "post_volume_delta": {
      "mean": 1.2150537634408602,
      "std": 53.11714892623121,
      "min": -111.0,
      "max": 165.0
    },
    "pct_negative": {
      "mean": 0.07101331892909125,
      "std": 0.02465040995261211,
      "min": 0.0,
      "max": 0.12380952380952381
    },
    "posting_time_entropy_roll4w": {
      "mean": 2.988169218587062,
      "std": 0.1841470121898074,
      "min": 1.5607104090414068,
      "max": 3.1203072079081293
    },
    "unique_posters_roll4w": {
      "mean": 116.80555555555557,
      "std": 20.129548475304794,
      "min": 5.0,
      "max": 153.0
    },
    "help_seeking_density_roll2w": {
      "mean": 0.025009064687018686,
      "std": 0.0017997137599696125,
      "min": 0.020053272746179542,
      "max": 0.02894214976476335
    },
    "std_word_count_delta": {
      "mean": 0.02924973565455134,
      "std": 1.956740032733977,
      "min": -3.7989047748903086,
      "max": 5.228266877420333
    },
    "avg_flesch_kincaid_roll2w": {
      "mean": 4.607991337528661,
      "std": 0.14427093676380964,
      "min": 4.286223118640033,
      "max": 4.889157796341689
    },
    "hopelessness_density_roll4w": {
      "mean": 0.00970080481925895,
      "std": 0.003375339761679881,
      "min": 0.0,
      "max": 0.01863343020072651
    },
    "hopelessness_density_delta": {
      "mean": 4.288081537407944e-05,
      "std": 0.006582579217371822,
      "min": -0.017318362285352426,
      "max": 0.013187964242810591
    },
    "distress_density_delta": {
      "mean": 0.0001854822039534107,
      "std": 0.0069583356145247865,
      "min": -0.015606322562374687,
      "max": 0.019383577361268896
    },
    "avg_compound_roll4w": {
      "mean": -0.019417143404351998,
      "std": 0.14614136924176607,
      "min": -0.33154369841055625,
      "max": 0.66535
    },
    "avg_word_count_roll4w": {
      "mean": 47.52467398072591,
      "std": 1.754735382006596,
      "min": 44.27293339486552,
      "max": 51.97719657511654
    },
    "avg_negative_roll4w": {
      "mean": 0.1275845224487037,
      "std": 0.021414638705176167,
      "min": 0.032,
      "max": 0.17122690076128497
    },
    "unique_posters_roll2w": {
      "mean": 117.54838709677419,
      "std": 23.547254122680474,
      "min": 5.0,
      "max": 165.0
    },
    "week_sin": {
      "mean": 0.07283093019817821,
      "std": 0.7108794834578117,
      "min": -1.0,
      "max": 1.0
    },
    "pct_negative_delta": {
      "mean": 0.0003614348965392606,
      "std": 0.029819218145647284,
      "min": -0.0792838874680307,
      "max": 0.07684979358526517
    },
    "avg_flesch_kincaid": {
      "mean": 4.607218373089584,
      "std": 0.18188025408664585,
      "min": 4.1457607922167865,
      "max": 4.958273267279569
    },
    "avg_type_token_ratio_roll4w": {
      "mean": 0.8707449539058242,
      "std": 0.011019491570047222,
      "min": 0.8391484637941323,
      "max": 0.9120136943666356
    },
    "pct_very_negative_delta": {
      "mean": 0.003523990241257797,
      "std": 0.149812975915092,
      "min": -0.3602350030921459,
      "max": 0.3742690058479532
    },
    "post_volume": {
      "mean": 135.76344086021504,
      "std": 38.23167303185147,
      "min": 6.0,
      "max": 201.0
    },
    "pct_neutral_roll4w": {
      "mean": 0.03418941629466392,
      "std": 0.0114540905260605,
      "min": 0.0,
      "max": 0.05658807322172082
    },
    "help_seeking_density_delta": {
      "mean": 3.061320043625098e-05,
      "std": 0.0034850561208400153,
      "min": -0.007895760908596013,
      "max": 0.008232868033365745
    },
    "week_cos": {
      "mean": -0.08220912583089575,
      "std": 0.7023717849643459,
      "min": -1.0,
      "max": 1.0
    },