{
  "subreddit": "depression",
  "features": {
    "avg_word_count": {
      "mean": 184.57575439000837,
      "std": 10.491756870513502,
      "min": 159.82236842105263,
      "max": 210.6527487821851
    },
    "std_word_count": {
      "mean": 207.1528555125848,
      "std": 32.75734575498702,
      "min": 140.02049201407723,
      "max": 319.15369170996183
    },
    "avg_char_count": {
      "mean": 953.4639036505939,
      "std": 55.25233208372011,
      "min": 824.2214022140222,
      "max": 1088.4773834377174
    },
    "avg_type_token_ratio": {
      "mean": 0.6905770842930292,
      "std": 0.01086017472313356,
      "min": 0.6662117214830879,
      "max": 0.7116458249085226
    },
    "avg_flesch_kincaid": {
      "mean": 7.843986675473392,
      "std": 0.5471367809669654,
      "min": 7.132450649569644,
      "max": 11.522990012449378
    },
    "first_person_singular_ratio": {
      "mean": 0.09450639762937275,
      "std": 0.0017525504949277128,
      "min": 0.0903851638124674,
      "max": 0.09811412018919259
    },
    "first_person_plural_ratio": {
      "mean": 0.0018942098412773158,
      "std": 0.00024473828161063985,
      "min": 0.0011911760630228514,
      "max": 0.002525244534479001
    },
    "avg_compound": {
      "mean": -0.26966363413807515,
      "std": 0.024958342262032165,
      "min": -0.3575767346938775,
      "max": -0.15220030120481928
    },
    "avg_positive": {
      "mean": 0.11822716676765663,
      "std": 0.0021542217431438928,
      "min": 0.11105198776758413,
      "max": 0.12335516372795968
    },
    "avg_negative": {
      "mean": 0.15616649628803136,
      "std": 0.003135422894816959,
      "min": 0.14516265060240963,
      "max": 0.16408979591836734
    },
    "avg_neutral": {
      "mean": 0.7256062649183812,
      "std": 0.003690787279679402,
      "min": 0.7154904706339946,
      "max": 0.7351746987951808
    },
    "pct_very_negative": {
      "mean": 0.5517862427712841,
      "std": 0.018619738798793427,
      "min": 0.49096385542168675,
      "max": 0.6244897959183674
    },
    "pct_negative": {
      "mean": 0.08981940116682331,
      "std": 0.009323223106834921,
      "min": 0.06927710843373494,
      "max": 0.11845102505694761
    },
    "pct_neutral": {
      "mean": 0.020276674225582464,
      "std": 0.006368924072163692,
      "min": 0.0,
      "max": 0.03269330565646082
    },
    "pct_positive": {
      "mean": 0.33811768183631014,
      "std": 0.014777981986139,
      "min": 0.2897959183673469,
      "max": 0.4186746987951807
    },
    "hopelessness_density": {
      "mean": 0.002137361130667211,
      "std": 0.00022230870562381524,
      "min": 0.0016803287720500832,
      "max": 0.002872574748206238
    },
    "help_seeking_density": {
      "mean": 0.004178117838884168,
      "std": 0.0005499660600256539,
      "min": 0.0032373387067521765,
      "max": 0.005970718408739897
    },
    "distress_density": {
      "mean": 0.011734884608115777,
      "std": 0.0009682699988075886,
      "min": 0.010062522871062752,
      "max": 0.014410918575262345
    },
    "post_volume": {
      "mean": 1835.8091603053435,
      "std": 644.9072099565215,
      "min": 245.0,
      "max": 3258.0
    },
    "avg_comments": {
      "mean": 0.0,
      "std": 0.0,
      "min": 0.0,
      "max": 0.0
    },
    "unique_posters": {
      "mean": 1665.3053435114505,
      "std": 574.1516804834735,
      "min": 245.0,
      "max": 3258.0
    },
    "new_poster_ratio": {
      "mean": 0.7714522087661471,
      "std": 0.136154107812638,
      "min": 0.6082068577852726,
      "max": 1.0
    },
    "posting_time_entropy": {
      "mean": 1.460041038133527,
      "std": 1.570655152906762,
      "min": 0.0,
      "max": 3.159418508082328
    },
    "dominant_topic": {
      "mean": 0.0,
      "std": 0.0,
      "min": 0.0,
      "max": 0.0
    },
    "topic_entropy": {
      "mean": 0.5700307196631795,
      "std": 0.20742494249656682,
      "min": 0.10559103637519526,
      "max": 1.1228723871428914
    },
    "topic_shift_jsd": {
      "mean": 0.13554608951430402,
      "std": 0.046289336750376726,
      "min": 0.010241525780682579,
      "max": 0.24791947833967273
    },
    "topic_shift_jsd_4w": {
      "mean": 0.13602002807404762,
      "std": 0.04563879985771749,
      "min": 0.025405720419417282,
      "max": 0.27376312325756974
    },
    "avg_word_count_delta": {
      "mean": -0.021974370564097727,
      "std": 9.405973571999313,
      "min": -24.93199330274379,
      "max": 22.14008891683133
    },
    "std_word_count_delta": {
      "mean": 0.4355789552539061,
      "std": 36.977430485351135,
      "min": -150.9276839553385,
      "max": 146.83565827757104
    },
    "avg_char_count_delta": {
      "mean": -0.1589293130210459,
      "std": 48.17363881446923,
      "min": -122.09438951556228,
      "max": 103.40011077180998
    },
    "avg_type_token_ratio_delta": {
      "mean": 9.179438891939965e-05,
      "std": 0.007531272935606816,
      "min": -0.0217804794820442,
      "max": 0.03518094629884605
    },
    "avg_flesch_kincaid_delta": {
      "mean": 0.0029745563760278262,
      "std": 0.6861695430073608,
      "min": -3.917041023368819,
      "max": 3.7040258460770366
    },
    "first_person_singular_ratio_delta": {
      "mean": 3.312679174930834e-05,
      "std": 0.0016145741608086727,
      "min": -0.003908921150125047,
      "max": 0.0033887267768734908
    },
    "first_person_plural_ratio_delta": {
      "mean": 1.4771539393641184e-06,
      "std": 0.0002863884296450875,
      "min": -0.0006536218034301402,
      "max": 0.0008536811121021928
    },
    "avg_compound_delta": {
      "mean": -0.00011894252176856703,
      "std": 0.031000214194670337,
      "min": -0.10015042343286187,
      "max": 0.10920439207261853
    },
    "avg_positive_delta": {
      "mean": -3.624797217273604e-05,
      "std": 0.0029376502451618626,
      "min": -0.008441395975327046,
      "max": 0.008541351048205345
    },
    "avg_negative_delta": {
      "mean": 9.949085071998407e-07,
      "std": 0.003366667549597321,
      "min": -0.01122012451720758,
      "max": 0.012895320412083133
    },
    "avg_neutral_delta": {
      "mean": 3.534178332987935e-05,
      "std": 0.00406686154942022,
      "min": -0.012732354749812158,
      "max": 0.012718489168717095
    },
    "pct_very_negative_delta": {
      "mean": -8.02632482021796e-05,
      "std": 0.02157194563411872,
      "min": -0.07547197553372942,
      "max": 0.058500542813977985
    },
    "pct_negative_delta": {
      "mean": 0.00014939453094453737,
      "std": 0.011602986997103876,
      "min": -0.026951560766150434,
      "max": 0.03080144642110441
    },
    "pct_neutral_delta": {
      "mean": 0.00011299671993164041,
      "std": 0.005963117665239061,
      "min": -0.017554479418886198,
      "max": 0.0196078431372549
    },
    "pct_positive_delta": {
      "mean": -0.00018212800267399865,
      "std": 0.019380603176352283,
      "min": -0.06706789350217501,
      "max": 0.07178474664207068
    },
    "hopelessness_density_delta": {
      "mean": 2.5674220251557854e-06,
      "std": 0.00028202169346347564,
      "min": -0.0008980931486459202,
      "max": 0.0008265029729647004
    },
    "help_seeking_density_delta": {
      "mean": -7.531618481974743e-06,
      "std": 0.00046190842507792487,
      "min": -0.0015343279772362384,
      "max": 0.0012121705325497415
    },
    "distress_density_delta": {
      "mean": -2.0744585239232496e-05,
      "std": 0.0007460685281367904,
      "min": -0.0035588720613329225,
      "max": 0.002489928755748971
    },
    "post_volume_delta": {
      "mean": 1.702290076335878,
      "std": 487.51865754682007,
      "min": -1407.0,
      "max": 2105.0
    },
    "avg_comments_delta": {
      "mean": 0.0,
      "std": 0.0,
      "min": 0.0,
      "max": 0.0
    },
    "unique_posters_delta": {
      "mean": -1.1984732824427482,
      "std": 445.0574624930225,
      "min": -1407.0,
      "max": 2105.0
    },