{
  "type": "platt",
  "coef": 0.046101227414956106,
  "intercept": -1.1178324641626673
}