{
  "subreddit": "lonely",
  "features": {
    "avg_word_count": {
      "mean": 135.9121823127558,
      "std": 38.473228386709394,
      "min": 0.0,
      "max": 203.08264462809916
    },
    "std_word_count": {
      "mean": 153.26047751925205,
      "std": 60.70143867451639,
      "min": 0.0,
      "max": 558.1543757953101
    },
    "avg_char_count": {
      "mean": 700.2982193201973,
      "std": 198.70220370319234,
      "min": 0.0,
      "max": 1068.3471074380166
    },
    "avg_type_token_ratio": {
      "mean": 0.6837144900111646,
      "std": 0.17712111724046228,
      "min": 0.0,
      "max": 0.767635069642951
    },
    "avg_flesch_kincaid": {
      "mean": 6.901726583985095,
      "std": 1.8626310256172178,
      "min": 0.0,
      "max": 9.348471027406513
    },
    "first_person_singular_ratio": {
      "mean": 0.07863437879419578,
      "std": 0.020680839650106655,
      "min": 0.0,
      "max": 0.0957945506743437
    },
    "first_person_plural_ratio": {
      "mean": 0.00296237137973792,
      "std": 0.0011132896082345976,
      "min": 0.0,
      "max": 0.00613911366979805
    },
    "avg_compound": {
      "mean": 0.12353856673459189,
      "std": 0.07141534659440114,
      "min": -0.08635308641975309,
      "max": 0.3229695652173913
    },
    "avg_positive": {
      "mean": 0.13508734904008862,
      "std": 0.035533420592122895,
      "min": 0.0,
      "max": 0.16285148514851486
    },
    "avg_negative": {
      "mean": 0.11873522094998774,
      "std": 0.03147630308678564,
      "min": 0.0,
      "max": 0.15823456790123458
    },
    "avg_neutral": {
      "mean": 0.6841123787239826,
      "std": 0.1767575525910509,
      "min": 0.0,
      "max": 0.7588691588785047
    },
    "pct_very_negative": {
      "mean": 0.28988266201129315,
      "std": 0.08375812613324884,
      "min": 0.0,
      "max": 0.46511627906976744
    },
    "pct_negative": {
      "mean": 0.09892007656985649,
      "std": 0.03437576541370423,
      "min": 0.0,
      "max": 0.17333333333333334
    },
    "pct_neutral": {
      "mean": 0.027064645892839086,
      "std": 0.016427078065734964,
      "min": 0.0,
      "max": 0.0967741935483871
    },
    "pct_positive": {
      "mean": 0.5220636500087698,
      "std": 0.1409791770755121,
      "min": 0.0,
      "max": 0.6923076923076923
    },
    "hopelessness_density": {
      "mean": 0.0009465621214436423,
      "std": 0.0005167518644010017,
      "min": 0.0,
      "max": 0.003401338039107607
    },
    "help_seeking_density": {
      "mean": 0.002146427662033003,
      "std": 0.0009143661097198876,
      "min": 0.0,
      "max": 0.005439709480719355
    },
    "distress_density": {
      "mean": 0.009234319242932004,
      "std": 0.0030293023339099776,
      "min": 0.0,
      "max": 0.01651273125469448
    },
    "suicidality_density": {
      "mean": 0.05694428668664379,
      "std": 0.027318624505795145,
      "min": 0.0,
      "max": 0.125
    },
    "isolation_density": {
      "mean": 1.20260950295412,
      "std": 0.37568771068576706,
      "min": 0.0,
      "max": 1.9375
    },
    "economic_stress_density": {
      "mean": 0.04732918899929883,
      "std": 0.024150567622583587,
      "min": 0.0,
      "max": 0.125
    },
    "domestic_stress_density": {
      "mean": 0.004415613710497724,
      "std": 0.0056552250819647655,
      "min": 0.0,
      "max": 0.025974025974025976
    },
    "post_volume": {
      "mean": 254.89655172413794,
      "std": 164.55760238261772,
      "min": 0.0,
      "max": 591.0
    },
    "avg_comments": {
      "mean": 0.0,
      "std": 0.0,
      "min": 0.0,
      "max": 0.0
    },
    "unique_posters": {
      "mean": 224.08965517241379,
      "std": 148.79291711606453,
      "min": 0.0,
      "max": 591.0
    },
    "new_poster_ratio": {
      "mean": 0.7911701737347765,
      "std": 0.2358359221633573,
      "min": 0.0,
      "max": 1.0
    },
    "posting_time_entropy": {
      "mean": 1.0683255697501177,
      "std": 1.4644774432448877,
      "min": 0.0,
      "max": 3.147407674278664
    },
    "dominant_topic": {
      "mean": 0.0,
      "std": 0.0,
      "min": 0.0,
      "max": 0.0
    },
    "topic_entropy": {
      "mean": 0.8706643505226005,
      "std": 0.3058809843861631,
      "min": 0.0,
      "max": 1.5183107818200587
    },
    "topic_shift_jsd": {
      "mean": 0.13171425552362798,
      "std": 0.06353951172485804,
      "min": 0.0,
      "max": 0.31373074708917126
    },
    "topic_shift_jsd_4w": {
      "mean": 0.144429438062604,
      "std": 0.07569615156545444,
      "min": 0.0,
      "max": 0.4152810353663459
    },
    "avg_word_count_delta": {
      "mean": -0.13480211859135963,
      "std": 29.855186521456062,
      "min": -154.0441176470588,
      "max": 125.01136363636364
    },
    "std_word_count_delta": {
      "mean": -0.15846906274023398,
      "std": 67.02350887013063,
      "min": -428.9566649256692,
      "max": 419.76038605104975
    },
    "avg_char_count_delta": {
      "mean": -0.6922036361731804,
      "std": 154.4380981212526,
      "min": -791.9705882352941,
      "max": 653.3863636363636
    },
    "avg_type_token_ratio_delta": {
      "mean": 8.143307943795977e-05,
      "std": 0.12304120576564953,
      "min": -0.717449959551099,
      "max": 0.7475182968868612
    },
    "avg_flesch_kincaid_delta": {
      "mean": 0.0003011812857769536,
      "std": 1.3747575898417457,
      "min": -7.372732364635196,
      "max": 7.3041182152068584
    },
    "first_person_singular_ratio_delta": {
      "mean": -1.0763963768480189e-05,
      "std": 0.01469180966767873,
      "min": -0.0856302584868459,
      "max": 0.08264634410996319
    },
    "first_person_plural_ratio_delta": {
      "mean": -9.573201307374564e-07,
      "std": 0.0013325371844517628,
      "min": -0.004288667528946872,
      "max": 0.004271139761610184
    },
    "avg_compound_delta": {
      "mean": 0.000955242295882627,
      "std": 0.08923657419536173,
      "min": -0.2855205882352941,
      "max": 0.2625607921511628
    },
    "avg_positive_delta": {
      "mean": 5.3643440288589266e-05,
      "std": 0.02583375080414279,
      "min": -0.15551470588235294,
      "max": 0.15217555555555556
    },
    "avg_negative_delta": {
      "mean": -8.684797339321589e-05,
      "std": 0.023129327799553897,
      "min": -0.12885770750988143,
      "max": 0.1274577777777778
    },
    "avg_neutral_delta": {
      "mean": 3.356409131678527e-05,
      "std": 0.12154135473549928,
      "min": -0.7250869565217392,
      "max": 0.7421136363636364
    },
    "pct_very_negative_delta": {
      "mean": -0.0007115219682735054,
      "std": 0.07310542511573906,
      "min": -0.35177865612648224,
      "max": 0.3522727272727273
    },
    "pct_negative_delta": {
      "mean": 3.325847993034067e-05,
      "std": 0.03456631311195723,
      "min": -0.1292156862745098,
      "max": 0.13636363636363635
    },
    "pct_neutral_delta": {
      "mean": 0.0001513653653522583,
      "std": 0.021313667948204752,
      "min": -0.0967741935483871,
      "max": 0.0967741935483871
    },
    "pct_positive_delta": {
      "mean": 0.0005268981229909058,
      "std": 0.10789886898570612,
      "min": -0.6470588235294118,
      "max": 0.5733333333333334
    },
    "hopelessness_density_delta": {
      "mean": 4.913921497302722e-06,
      "std": 0.0006643065238966733,
      "min": -0.002815608356606399,
      "max": 0.0024193770788768537
    },
    "help_seeking_density_delta": {
      "mean": 1.7011230735161067e-05,
      "std": 0.000982493501933307,
      "min": -0.0039005925167147535,
      "max": 0.004904714201850882
    },
    "distress_density_delta": {
      "mean": -1.1969319857006578e-05,
      "std": 0.0026866184797871614,
      "min": -0.00949612382206268,
      "max": 0.010019562189744041
    },
    "suicidality_density_delta": {
      "mean": -0.0003585107009813869,
      "std": 0.02964262606114091,
      "min": -0.075,
      "max": 0.10046457607433218
    },