{
  "subreddit": "lonely",
  "features": {
    "avg_negative": {
      "mean": 0.13125018375287759,
      "std": 0.033098407347267544,
      "min": 0.08601176470588236,
      "max": 0.26049999999999995
    },
    "pct_positive_roll2w": {
      "mean": 0.4840829090814249,
      "std": 0.1295271650972979,
      "min": 0.0,
      "max": 0.666656050955414
    },
    "avg_compound": {
      "mean": -0.04960258077708772,
      "std": 0.2235605708275246,
      "min": -0.8829,
      "max": 0.251352
    },
    "new_poster_ratio": {
      "mean": 0.053597462926858234,
      "std": 0.17838395598384976,
      "min": 0.0,
      "max": 1.0
    },
    "avg_type_token_ratio_delta": {
      "mean": 0.000549163124065602,
      "std": 0.020683714975856304,
      "min": -0.04434724041153504,
      "max": 0.04902524953037202
    },
    "post_volume_roll2w": {
      "mean": 135.13440860215053,
      "std": 31.51372542457615,
      "min": 2.0,
      "max": 195.5
    },
    "std_word_count_roll2w": {
      "mean": 17.701974866785722,
      "std": 1.099078529675283,
      "min": 15.451316779613974,
      "max": 23.0
    },
    "avg_flesch_kincaid_delta": {
      "mean": 5.3647311969748276e-05,
      "std": 0.23882968854357586,
      "min": -0.523204632105088,
      "max": 0.7141532190608819
    },
    "posting_time_entropy_roll2w": {
      "mean": 2.97781395154656,
      "std": 0.29194960314748375,
      "min": 0.6931471805599453,
      "max": 3.1327491615217458
    },
    "avg_flesch_kincaid_roll2w": {
      "mean": 4.6037742369309,
      "std": 0.14818429996849775,
      "min": 4.24016584043507,
      "max": 4.847185119363687
    },
    "avg_word_count_delta": {
      "mean": -0.13502711961176134,
      "std": 3.2286456194841344,
      "min": -7.676252319109459,
      "max": 7.070879258169299
    },
    "avg_positive": {
      "mean": 0.12429717358261663,
      "std": 0.01492787658369823,
      "min": 0.04,
      "max": 0.14980000000000002
    },
    "std_word_count_delta": {
      "mean": -0.05602371766834465,
      "std": 1.5756561045531232,
      "min": -5.23994092868114,
      "max": 4.0109366166624625
    },
    "pct_neutral_roll2w": {
      "mean": 0.03212689193220363,
      "std": 0.014768679562654324,
      "min": 0.0,
      "max": 0.06571207430340557
    },
    "avg_comments_delta": {
      "mean": 0.02535921591017223,
      "std": 0.5127027317045517,
      "min": -1.3272139625080803,
      "max": 2.2851851851851848
    },
    "posting_time_entropy_roll4w": {
      "mean": 2.9615788126090896,
      "std": 0.3026594811202432,
      "min": 0.6931471805599453,
      "max": 3.1204535399884206
    },
    "avg_compound_delta": {
      "mean": 0.01066865543819583,
      "std": 0.23005145739488753,
      "min": -0.4005222584763797,
      "max": 0.6062762884160756
    },
    "distress_density_delta": {
      "mean": -0.0002950546458406922,
      "std": 0.0067780595054887085,
      "min": -0.01618225285613871,
      "max": 0.015889179219510347
    },
    "unique_posters_roll4w": {
      "mean": 116.87903225806451,
      "std": 20.971143894103847,
      "min": 2.0,
      "max": 155.0
    },
    "help_seeking_density_roll2w": {
      "mean": 0.0252320712839921,
      "std": 0.0023697317357127506,
      "min": 0.013157894736842105,
      "max": 0.03059034895595511
    },
    "avg_negative_roll2w": {
      "mean": 0.1321131345569503,
      "std": 0.02998233449353346,
      "min": 0.09257745098039216,
      "max": 0.26049999999999995
    },
    "post_volume_roll4w": {
      "mean": 134.4148745519713,
      "std": 26.412308704489302,
      "min": 2.0,
      "max": 184.5
    },
    "hopelessness_density_delta": {
      "mean": -0.00019890549497568287,
      "std": 0.006684676773896395,
      "min": -0.018427512871374497,
      "max": 0.01302947093021704
    },
    "hopelessness_density_roll2w": {
      "mean": 0.010257065323769828,
      "std": 0.005385450875744124,
      "min": 0.0034623479797651706,
      "max": 0.02393491504753608
    },
    "week_cos": {
      "mean": -0.08220912583089575,
      "std": 0.7023717849643459,
      "min": -1.0,
      "max": 1.0
    },
    "posting_time_entropy_delta": {
      "mean": 0.025547663337013797,
      "std": 0.2936209045784108,
      "min": -0.4492487611681746,
      "max": 2.144830382242782
    },
    "avg_char_count": {
      "mean": 267.02947453606555,
      "std": 16.396308638674086,
      "min": 239.76470588235293,
      "max": 334.0
    },
    "pct_negative_delta": {
      "mean": 0.00047578266247977954,
      "std": 0.03690491732006106,
      "min": -0.101,
      "max": 0.1111111111111111
    },
    "avg_flesch_kincaid_roll4w": {
      "mean": 4.60231566130277,
      "std": 0.10431895981583246,
      "min": 4.290844755382365,
      "max": 4.837518037548509
    },
    "post_volume_delta": {
      "mean": 1.1935483870967742,
      "std": 47.91529166472399,
      "min": -100.0,
      "max": 133.0
    },
    "avg_type_token_ratio": {
      "mean": 0.8679691280435905,
      "std": 0.019293225609695555,
      "min": 0.8224479713916102,
      "max": 0.9121814234063289
    },
    "avg_char_count_delta": {
      "mean": -0.6995908269102675,
      "std": 16.421661870117006,
      "min": -39.57777777777778,
      "max": 35.68788694855496
    },
    "avg_comments": {
      "mean": 4.723130783332049,
      "std": 0.39716536900945304,
      "min": 2.5,
      "max": 5.5491329479768785
    },
    "unique_posters_delta": {
      "mean": 1.075268817204301,
      "std": 37.066402389067335,
      "min": -70.0,
      "max": 120.0
    },
    "pct_neutral_roll4w": {
      "mean": 0.03196392241272349,
      "std": 0.01171981985026054,
      "min": 0.0,
      "max": 0.06534020959668319
    },
    "pct_negative_roll2w": {
      "mean": 0.06831124829362231,
      "std": 0.019796310926750927,
      "min": 0.0,
      "max": 0.11741071428571428
    },
    "first_person_singular_ratio": {
      "mean": 0.07688811984851958,
      "std": 0.0069636268058698965,
      "min": 0.06631541273682572,
      "max": 0.09231861385694452
    },
    "avg_comments_roll4w": {
      "mean": 4.693687282107749,
      "std": 0.3168892305933475,
      "min": 2.5,
      "max": 5.096193661411053
    },
    "pct_positive_delta": {
      "mean": 0.006946426872204778,
      "std": 0.15398684739017965,
      "min": -0.2629687426112451,
      "max": 0.3912529550827424
    },
    "avg_word_count": {
      "mean": 48.12964813084158,
      "std": 3.2315220416398756,
      "min": 42.917647058823526,
      "max": 61.0
    },
    "pct_neutral_delta": {
      "mean": -1.4922352481520922e-19,
      "std": 0.02469098210089148,
      "min": -0.05223880597014925,
      "max": 0.08673469387755102
    },
    "hopelessness_density": {
      "mean": 0.010157612576281987,
      "std": 0.006269692381324775,
      "min": 0.002662108959675939,
      "max": 0.024060306285548352
    }
  },
  "generated_at": "2026-04-02T12:20:43.799168",
  "n_training_weeks": 93
}