{
  "subreddit": "lonely",
  "features": {
    "avg_word_count": {
      "mean": 143.96210024617056,
      "std": 16.414164617543964,
      "min": 108.38666666666667,
      "max": 203.08264462809916
    },
    "std_word_count": {
      "mean": 163.8170686827323,
      "std": 47.97767175790466,
      "min": 97.4593635774216,
      "max": 558.1543757953101
    },
    "avg_char_count": {
      "mean": 741.6993174416486,
      "std": 85.76707855824364,
      "min": 561.3870967741935,
      "max": 1068.3471074380166
    },
    "avg_type_token_ratio": {
      "mean": 0.7303296608574721,
      "std": 0.015858649181287692,
      "min": 0.6920288516006389,
      "max": 0.767635069642951
    },
    "avg_flesch_kincaid": {
      "mean": 7.376240615345585,
      "std": 0.5499924864119496,
      "min": 6.146773314296044,
      "max": 9.34847102740651
    },
    "first_person_singular_ratio": {
      "mean": 0.08388885375436762,
      "std": 0.003975657820241613,
      "min": 0.07144284264420624,
      "max": 0.09579455067434371
    },
    "first_person_plural_ratio": {
      "mean": 0.0031675500809706745,
      "std": 0.000815935931861798,
      "min": 0.00035715375040099376,
      "max": 0.00613911366979805
    },
    "avg_compound": {
      "mean": 0.1329048712239546,
      "std": 0.06443081908603837,
      "min": -0.08635308641975308,
      "max": 0.3229695652173913
    },
    "avg_positive": {
      "mean": 0.1441755837680745,
      "std": 0.006891279411699955,
      "min": 0.12234567901234568,
      "max": 0.16285148514851486
    },
    "avg_negative": {
      "mean": 0.12626387226756153,
      "std": 0.007293307653810703,
      "min": 0.1075725806451613,
      "max": 0.15823456790123458
    },
    "avg_neutral": {
      "mean": 0.7295646626830202,
      "std": 0.0076921161599793455,
      "min": 0.7050343347639486,
      "max": 0.7588691588785047
    },
    "pct_very_negative": {
      "mean": 0.3076776258823991,
      "std": 0.0384153056556255,
      "min": 0.2087912087912088,
      "max": 0.46511627906976744
    },
    "pct_negative": {
      "mean": 0.10571524799100765,
      "std": 0.023129113003835623,
      "min": 0.028169014084507043,
      "max": 0.17333333333333334
    },
    "pct_neutral": {
      "mean": 0.030059125008800515,
      "std": 0.015958962836444043,
      "min": 0.0,
      "max": 0.0967741935483871
    },
    "pct_positive": {
      "mean": 0.5565480011177928,
      "std": 0.04182531258665693,
      "min": 0.41975308641975306,
      "max": 0.6923076923076923
    },
    "hopelessness_density": {
      "mean": 0.0011801048533328614,
      "std": 0.0004958496361412423,
      "min": 0.00011561154067170759,
      "max": 0.003401338039107607
    },
    "help_seeking_density": {
      "mean": 0.0023324994226977666,
      "std": 0.0007551273247455147,
      "min": 0.0006431324823839008,
      "max": 0.005494720377355633
    },
    "distress_density": {
      "mean": 0.009963268393897946,
      "std": 0.0019409985722806532,
      "min": 0.005576723707120198,
      "max": 0.01694591297442591
    },
    "post_volume": {
      "mean": 285.8150684931507,
      "std": 159.27291708323224,
      "min": 60.0,
      "max": 591.0
    },
    "avg_comments": {
      "mean": 0.0,
      "std": 0.0,
      "min": 0.0,
      "max": 0.0
    },
    "unique_posters": {
      "mean": 249.82876712328766,
      "std": 142.57844106456128,
      "min": 60.0,
      "max": 591.0
    },
    "new_poster_ratio": {
      "mean": 0.8314474068143236,
      "std": 0.12585183193839583,
      "min": 0.6311239193083573,
      "max": 1.0
    },
    "posting_time_entropy": {
      "mean": 1.2747711821430707,
      "std": 1.518789020205484,
      "min": 0.0,
      "max": 3.147407674278664
    },
    "dominant_topic": {
      "mean": 0.0273972602739726,
      "std": 0.20155278180792022,
      "min": 0.0,
      "max": 2.0
    },
    "topic_entropy": {
      "mean": 1.374560747815076,
      "std": 0.15767835560194596,
      "min": 0.7769734356069651,
      "max": 1.7599353496405215
    },
    "topic_shift_jsd": {
      "mean": 0.1393252215037607,
      "std": 0.06020252662436348,
      "min": 0.010463177515352454,
      "max": 0.3552098951310207
    },
    "topic_shift_jsd_4w": {
      "mean": 0.1445849122041875,
      "std": 0.07368125022568811,
      "min": 0.004594195165677757,
      "max": 0.44549652423969116
    },
    "avg_word_count_delta": {
      "mean": 0.04754074748819514,
      "std": 20.20916622581562,
      "min": -59.59702034883722,
      "max": 82.66427728116038
    },
    "std_word_count_delta": {
      "mean": 1.0121111518535302,
      "std": 65.30143424093224,
      "min": -428.9566649256692,
      "max": 419.76038605104975
    },
    "avg_char_count_delta": {
      "mean": 0.2510651246138052,
      "std": 104.65602523749591,
      "min": -311.57851239669424,
      "max": 446.7144543767921
    },
    "avg_type_token_ratio_delta": {
      "mean": 4.062746865717099e-05,
      "std": 0.017132640076821592,
      "min": -0.0529920679263054,
      "max": 0.041676415341409756
    },
    "avg_flesch_kincaid_delta": {
      "mean": -0.00012125957766495306,
      "std": 0.7285115788468463,
      "min": -2.7719797052559283,
      "max": 2.858637826061753
    },
    "first_person_singular_ratio_delta": {
      "mean": -1.9636591930562698e-05,
      "std": 0.004614737267770913,
      "min": -0.011866841077626311,
      "max": 0.013595058533052845
    },
    "first_person_plural_ratio_delta": {
      "mean": 1.6859469110763673e-06,
      "std": 0.0012354967996134614,
      "min": -0.00381571372593717,
      "max": 0.004158329976602078
    },
    "avg_compound_delta": {
      "mean": 0.0012905895847850095,
      "std": 0.08824529790800381,
      "min": -0.281715179252479,
      "max": 0.2625607921511628
    },
    "avg_positive_delta": {
      "mean": 5.186573603698656e-05,
      "std": 0.008588848170513039,
      "min": -0.022787433155080222,
      "max": 0.025385978337650106
    },
    "avg_negative_delta": {
      "mean": -0.00011184658364702513,
      "std": 0.009625048449457451,
      "min": -0.026517396184062847,
      "max": 0.03299384381851915
    },
    "avg_neutral_delta": {
      "mean": 6.0323151165040024e-05,
      "std": 0.00959975551918083,
      "min": -0.029522220102994545,
      "max": 0.021387639268446668
    },
    "pct_very_negative_delta": {
      "mean": -0.00078529989191097,
      "std": 0.05142162876893651,
      "min": -0.23074127906976744,
      "max": 0.15102974828375285
    },
    "pct_negative_delta": {
      "mean": -2.8287405227460733e-05,
      "std": 0.03144248406494907,
      "min": -0.1292156862745098,
      "max": 0.10406476640242875
    },
    "pct_neutral_delta": {
      "mean": 0.0001645340817817431,
      "std": 0.02208586701886979,
      "min": -0.0967741935483871,
      "max": 0.0967741935483871
    },
    "pct_positive_delta": {
      "mean": 0.0006490532153566875,
      "std": 0.05502610857507191,
      "min": -0.1965761511216057,
      "max": 0.1403921568627451
    },
    "hopelessness_density_delta": {
      "mean": 1.5699667557014102e-06,
      "std": 0.0007220336798130599,
      "min": -0.002815608356606399,
      "max": 0.0024501112449888136
    },
    "help_seeking_density_delta": {
      "mean": -1.0703305105992693e-06,
      "std": 0.000948497256245232,
      "min": -0.0026026650651244767,
      "max": 0.004851587894971732
    },
    "distress_density_delta": {
      "mean": -1.0095605495891382e-05,
      "std": 0.0022070624627338544,
      "min": -0.006292339632462065,
      "max": 0.00611332506156236
    },
    "post_volume_delta": {
      "mean": 2.356164383561644,
      "std": 59.81681688645731,
      "min": -313.0,
      "max": 248.0
    },
    "avg_comments_delta": {
      "mean": 0.0,
      "std": 0.0,
      "min": 0.0,
      "max": 0.0
    },
    "unique_posters_delta": {
      "mean": 1.8835616438356164,
      "std": 51.84559440252707,
      "min": -313.0,
      "max": 197.0
    },