{
  "type": "platt",
  "coef": 1.4474935784892617,
  "intercept": -1.497216817100944
}