{
  "subreddit": "lonely",
  "features": {
    "avg_word_count": {
      "mean": 135.77229682993408,
      "std": 16.1182450356146,
      "min": 99.17629774730656,
      "max": 206.0979228486647
    },
    "std_word_count": {
      "mean": 162.25162827184863,
      "std": 45.720804334089586,
      "min": 97.4593635774216,
      "max": 627.5638068415087
    },
    "avg_char_count": {
      "mean": 700.22008273227,
      "std": 84.9153928658521,
      "min": 513.3227228207639,
      "max": 1155.299279355659
    },
    "avg_type_token_ratio": {
      "mean": 0.7433918541699006,
      "std": 0.01937687872875716,
      "min": 0.6920288516006389,
      "max": 0.7945530056778524
    },
    "avg_flesch_kincaid": {
      "mean": 7.600731680112932,
      "std": 0.5300459929734713,
      "min": 6.146773314296044,
      "max": 9.34847102740651
    },
    "first_person_singular_ratio": {
      "mean": 0.08265032896421252,
      "std": 0.004224530197968739,
      "min": 0.07144284264420624,
      "max": 0.09579455067434371
    },
    "first_person_plural_ratio": {
      "mean": 0.003252801980283712,
      "std": 0.0006565230904445242,
      "min": 0.00035715375040099376,
      "max": 0.00613911366979805
    },
    "avg_compound": {
      "mean": 0.1296682409961766,
      "std": 0.05426562359302025,
      "min": -0.08635308641975308,
      "max": 0.3229695652173913
    },
    "avg_positive": {
      "mean": 0.14535925239913253,
      "std": 0.0063766494813549185,
      "min": 0.12234567901234568,
      "max": 0.16544055944055944
    },
    "avg_negative": {
      "mean": 0.12422901745551529,
      "std": 0.0068444358354589506,
      "min": 0.1075725806451613,
      "max": 0.15823456790123458
    },
    "avg_neutral": {
      "mean": 0.7304129172805124,
      "std": 0.006340156608090241,
      "min": 0.7050343347639486,
      "max": 0.7588691588785047
    },
    "pct_very_negative": {
      "mean": 0.301119171422408,
      "std": 0.033673376720622615,
      "min": 0.2087912087912088,
      "max": 0.46511627906976744
    },
    "pct_negative": {
      "mean": 0.10832911864972294,
      "std": 0.019205889709465417,
      "min": 0.028169014084507043,
      "max": 0.17333333333333334
    },
    "pct_neutral": {
      "mean": 0.03753958209858767,
      "std": 0.014403847625041353,
      "min": 0.0,
      "max": 0.0967741935483871
    },
    "pct_positive": {
      "mean": 0.5530121278292812,
      "std": 0.03472931501734401,
      "min": 0.41975308641975306,
      "max": 0.6923076923076923
    },
    "hopelessness_density": {
      "mean": 0.0012117212238582171,
      "std": 0.00039930469526733005,
      "min": 0.00011561154067170759,
      "max": 0.003401338039107607
    },
    "help_seeking_density": {
      "mean": 0.0021847707321877947,
      "std": 0.0006164595330261875,
      "min": 0.000575265235772663,
      "max": 0.005494720377355633
    },
    "distress_density": {
      "mean": 0.009245261163488836,
      "std": 0.0016088556588195488,
      "min": 0.005576723707120198,
      "max": 0.01694591297442591
    },
    "post_volume": {
      "mean": 745.8421052631579,
      "std": 608.9109046801983,
      "min": 60.0,
      "max": 2359.0
    },
    "avg_comments": {
      "mean": 0.0,
      "std": 0.0,
      "min": 0.0,
      "max": 0.0
    },
    "unique_posters": {
      "mean": 585.891447368421,
      "std": 438.4977408214197,
      "min": 60.0,
      "max": 1620.0
    },
    "new_poster_ratio": {
      "mean": 0.7283286475691597,
      "std": 0.1393561548423114,
      "min": 0.5502742230347349,
      "max": 1.0
    },
    "posting_time_entropy": {
      "mean": 2.241744250798869,
      "std": 1.4038913657331362,
      "min": 0.0,
      "max": 3.160957754194919
    },
    "dominant_topic": {
      "mean": 0.0,
      "std": 0.0,
      "min": 0.0,
      "max": 0.0
    },
    "topic_entropy": {
      "mean": 0.0,
      "std": 0.0,
      "min": 0.0,
      "max": 0.0
    },
    "topic_shift_jsd": {
      "mean": 0.0,
      "std": 0.0,
      "min": 0.0,
      "max": 0.0
    },
    "avg_word_count_delta": {
      "mean": -0.08196588880227329,
      "std": 17.515737564592502,
      "min": -100.22480964111753,
      "max": 100.76034043108228
    },
    "std_word_count_delta": {
      "mean": -0.0391433230277328,
      "std": 63.856334242475675,
      "min": -492.39087974256404,
      "max": 499.9534887208388
    },
    "avg_char_count_delta": {
      "mean": -0.4081491970137817,
      "std": 94.33928098230278,
      "min": -606.0733359594327,
      "max": 610.2825760589558
    },
    "avg_type_token_ratio_delta": {
      "mean": 8.829948351299829e-05,
      "std": 0.013800183877834505,
      "min": -0.0529920679263054,
      "max": 0.041676415341409756
    },
    "avg_flesch_kincaid_delta": {
      "mean": 0.003017852197617772,
      "std": 0.6472406164187483,
      "min": -2.7719797052559283,
      "max": 2.858637826061753
    },
    "first_person_singular_ratio_delta": {
      "mean": -1.3324563459988738e-05,
      "std": 0.0036733618067545356,
      "min": -0.011866841077626311,
      "max": 0.013595058533052845
    },
    "first_person_plural_ratio_delta": {
      "mean": -1.5641963228860862e-06,
      "std": 0.0009432247858643595,
      "min": -0.00381571372593717,
      "max": 0.004158329976602078
    },
    "avg_compound_delta": {
      "mean": 0.00025881531612821136,
      "std": 0.06637626800031063,
      "min": -0.281715179252479,
      "max": 0.2625607921511628
    },
    "avg_positive_delta": {
      "mean": 2.0404555062651725e-05,
      "std": 0.007265560311598515,
      "min": -0.022787433155080222,
      "max": 0.025385978337650106
    },
    "avg_negative_delta": {
      "mean": -9.090340941868827e-06,
      "std": 0.007314668037667835,
      "min": -0.026517396184062847,
      "max": 0.03299384381851915
    },
    "avg_neutral_delta": {
      "mean": -1.1137375210601869e-05,
      "std": 0.007824040052771455,
      "min": -0.029522220102994545,
      "max": 0.021387639268446668
    },
    "pct_very_negative_delta": {
      "mean": -0.00022208408094799258,
      "std": 0.03965529148090741,
      "min": -0.23074127906976744,
      "max": 0.15102974828375285
    },
    "pct_negative_delta": {
      "mean": 3.3467004122542512e-06,
      "std": 0.02582128069948041,
      "min": -0.1292156862745098,
      "max": 0.10406476640242875
    },
    "pct_neutral_delta": {
      "mean": 0.00011406516487954094,
      "std": 0.016725694872994357,
      "min": -0.0967741935483871,
      "max": 0.0967741935483871
    },
    "pct_positive_delta": {
      "mean": 0.00010467221565619732,
      "std": 0.04165500742938341,
      "min": -0.1965761511216057,
      "max": 0.1403921568627451
    },
    "hopelessness_density_delta": {
      "mean": 1.7252339873225344e-06,
      "std": 0.0005522217705108735,
      "min": -0.002815608356606399,
      "max": 0.0024501112449888136
    },
    "help_seeking_density_delta": {
      "mean": 5.38642910875718e-06,
      "std": 0.0007765720869532466,
      "min": -0.0026026650651244767,
      "max": 0.004851587894971732
    },
    "distress_density_delta": {
      "mean": 6.720863456984447e-07,
      "std": 0.0017073557153983124,
      "min": -0.006292339632462065,
      "max": 0.00611332506156236
    },
    "post_volume_delta": {
      "mean": 4.7105263157894735,
      "std": 94.21652833905169,
      "min": -356.0,
      "max": 509.0
    },
    "avg_comments_delta": {
      "mean": 0.0,
      "std": 0.0,
      "min": 0.0,
      "max": 0.0
    },
    "unique_posters_delta": {
      "mean": 3.335526315789474,
      "std": 71.81355986566996,
      "min": -313.0,
      "max": 359.0
    },
    "new_poster_ratio_delta": {
      "mean": -0.0013140413034357372,
      "std": 0.04588074047699098,
      "min": -0.2597402597402597,
      "max": 0.3012820512820512
    },
    "posting_time_entropy_delta": {
      "mean": 0.010321606066029604,
      "std": 0.27847163258140617,
      "min": -1.8639932850575367,
      "max": 3.0728773525448787
    },