{
  "subreddit": "mentalhealth",
  "features": {
    "avg_word_count": {
      "mean": 47.04091801175109,
      "std": 2.3576411339441004,
      "min": 43.24260355029586,
      "max": 55.714285714285715
    },
    "avg_flesch_kincaid_roll2w": {
      "mean": 4.692968570787612,
      "std": 0.13263219695072495,
      "min": 4.319359052041099,
      "max": 5.154735347454306
    },
    "first_person_singular_ratio": {
      "mean": 0.07412646143776504,
      "std": 0.004758270456032935,
      "min": 0.06392172050445974,
      "max": 0.0906527566276715
    },
    "pct_negative_roll4w": {
      "mean": 0.06643098062150975,
      "std": 0.016563928393751672,
      "min": 0.0,
      "max": 0.1039967763109314
    },
    "hopelessness_density_delta": {
      "mean": -1.1898176548349018e-05,
      "std": 0.004242507630124369,
      "min": -0.016558063583294834,
      "max": 0.01345628440458644
    },
    "post_volume_delta": {
      "mean": 1.2150537634408602,
      "std": 55.36633914258217,
      "min": -98.0,
      "max": 176.0
    },
    "posting_time_entropy": {
      "mean": 3.054658723545926,
      "std": 0.1793986028444115,
      "min": 1.5498260458782018,
      "max": 3.152793344485739
    },
    "posting_time_entropy_roll4w": {
      "mean": 3.036342194877069,
      "std": 0.18908993201854338,
      "min": 1.5498260458782018,
      "max": 3.1302129298730588
    },
    "pct_neutral_roll2w": {
      "mean": 0.0394565678182374,
      "std": 0.014006487654488529,
      "min": 0.0,
      "max": 0.08651315789473685
    },
    "posting_time_entropy_delta": {
      "mean": 0.016746428566574222,
      "std": 0.20254839721357043,
      "min": -0.42713810525257445,
      "max": 1.5561255592024608
    },
    "avg_type_token_ratio_roll2w": {
      "mean": 0.8727213503225301,
      "std": 0.016436965407791933,
      "min": 0.7717572386048562,
      "max": 0.8923443946255492
    },
    "week_cos": {
      "mean": -0.08220912583089575,
      "std": 0.7023717849643459,
      "min": -1.0,
      "max": 1.0
    },
    "avg_flesch_kincaid": {
      "mean": 4.690181567555109,
      "std": 0.16115106025163664,
      "min": 4.169376360097994,
      "max": 5.154735347454306
    },
    "avg_compound": {
      "mean": 0.04327148119232394,
      "std": 0.14255704070417782,
      "min": -0.4867735849056604,
      "max": 0.2859620253164557
    },
    "avg_neutral_roll2w": {
      "mean": 0.7520459141663233,
      "std": 0.011991675045061174,
      "min": 0.714515099009901,
      "max": 0.7710940789473684
    },
    "avg_word_count_delta": {
      "mean": -0.07927547363031233,
      "std": 2.676887601137803,
      "min": -9.626854020296648,
      "max": 8.125090833592857
    },
    "hopelessness_density": {
      "mean": 0.00761009541066772,
      "std": 0.004011677048333299,
      "min": 0.003628661715992383,
      "max": 0.024789156494180002
    },
    "unique_posters_delta": {
      "mean": 1.075268817204301,
      "std": 42.00446057036546,
      "min": -72.0,
      "max": 147.0
    },
    "avg_comments_roll2w": {
      "mean": 4.780798933645415,
      "std": 0.23093508843825186,
      "min": 4.095604395604395,
      "max": 5.285714285714286
    },
    "pct_negative": {
      "mean": 0.067509680784231,
      "std": 0.027435992313505034,
      "min": 0.0,
      "max": 0.14634146341463414
    },
    "post_volume": {
      "mean": 140.2258064516129,
      "std": 38.15618048752933,
      "min": 7.0,
      "max": 200.0
    },
    "avg_type_token_ratio": {
      "mean": 0.8732584112936739,
      "std": 0.01744958039442307,
      "min": 0.7717572386048562,
      "max": 0.8929143155544675
    },
    "first_person_singular_ratio_delta": {
      "mean": -0.00016790903870497216,
      "std": 0.0053832346920513734,
      "min": -0.01642045846271689,
      "max": 0.012560246690862434
    },
    "avg_flesch_kincaid_delta": {
      "mean": -0.005574006465007539,
      "std": 0.19513887374037883,
      "min": -0.4629818400351482,
      "max": 0.685742362641415
    },
    "pct_positive_delta": {
      "mean": -0.0016769073220686112,
      "std": 0.10830891474605031,
      "min": -0.26003699271026004,
      "max": 0.3453913849004169
    },
    "avg_negative": {
      "mean": 0.11825302701258102,
      "std": 0.020922634856690228,
      "min": 0.08025316455696202,
      "max": 0.1873396226415094
    },
    "avg_comments": {
      "mean": 4.7798452726111105,
      "std": 0.3008099075765911,
      "min": 3.791208791208791,
      "max": 5.6125
    },
    "pct_very_negative_roll2w": {
      "mean": 0.3491876735958026,
      "std": 0.07518339606774486,
      "min": 0.237171052631579,
      "max": 0.6418493965663777
    },
    "avg_comments_roll4w": {
      "mean": 4.784521925699782,
      "std": 0.18370185912145787,
      "min": 4.302617853693194,
      "max": 5.285714285714286
    },
    "avg_type_token_ratio_delta": {
      "mean": 0.001074121942287595,
      "std": 0.018942926718875652,
      "min": -0.05027030555217804,
      "max": 0.09822162143605462
    },
    "distress_density": {
      "mean": 0.022936333295692876,
      "std": 0.00448053071833783,
      "min": 0.012269486917031157,
      "max": 0.03598208843378461
    },
    "std_word_count": {
      "mean": 17.351119679253067,
      "std": 1.1272024755429908,
      "min": 14.47402490387352,
      "max": 19.963621759881807
    },
    "avg_char_count_delta": {
      "mean": -0.46954685099846394,
      "std": 14.265094494211837,
      "min": -55.36143637782982,
      "max": 42.320876154884274
    },
    "help_seeking_density_delta": {
      "mean": 1.2048305510441409e-06,
      "std": 0.0035619764892174124,
      "min": -0.007966910165806022,
      "max": 0.009478034838380472
    },
    "avg_positive_delta": {
      "mean": -0.0005808115719406041,
      "std": 0.0125169121184993,
      "min": -0.03991725214676034,
      "max": 0.0352925500875316
    },
    "pct_negative_delta": {
      "mean": 0.0008064516129032267,
      "std": 0.03528815446627442,
      "min": -0.10379805465493283,
      "max": 0.07349896480331264
    }
  },
  "generated_at": "2026-04-02T12:20:49.239093",
  "n_training_weeks": 93
}