{
  "subreddit": "mentalhealth",
  "features": {
    "avg_word_count": {
      "mean": 211.58470864093366,
      "std": 56.799104748445316,
      "min": 0.0,
      "max": 279.39086294416245
    },
    "std_word_count": {
      "mean": 217.75312439644753,
      "std": 70.55485986280209,
      "min": 0.0,
      "max": 406.20145835080814
    },
    "avg_char_count": {
      "mean": 1114.3103680070908,
      "std": 299.76152827992604,
      "min": 0.0,
      "max": 1474.274111675127
    },
    "avg_type_token_ratio": {
      "mean": 0.6255689797359975,
      "std": 0.16180956810950353,
      "min": 0.0,
      "max": 0.6920094359565359
    },
    "avg_flesch_kincaid": {
      "mean": 8.01547904233707,
      "std": 2.1016597646385464,
      "min": 0.0,
      "max": 10.359571078145956
    },
    "first_person_singular_ratio": {
      "mean": 0.07988426207342231,
      "std": 0.02087612172654619,
      "min": 0.0,
      "max": 0.09428606868043195
    },
    "first_person_plural_ratio": {
      "mean": 0.0021468121625714217,
      "std": 0.0007021143598438865,
      "min": 0.0,
      "max": 0.003468234015736757
    },
    "avg_compound": {
      "mean": -0.19128188763304405,
      "std": 0.06482301752417412,
      "min": -0.31873797468354437,
      "max": 0.0
    },
    "avg_positive": {
      "mean": 0.1030218553954354,
      "std": 0.02684574699655011,
      "min": 0.0,
      "max": 0.11760818713450293
    },
    "avg_negative": {
      "mean": 0.12402017192102394,
      "std": 0.03228457737927264,
      "min": 0.0,
      "max": 0.1402770780856423
    },
    "avg_neutral": {
      "mean": 0.7108866116183287,
      "std": 0.18358222556363413,
      "min": 0.0,
      "max": 0.7771630901287554
    },
    "pct_very_negative": {
      "mean": 0.48925001653107053,
      "std": 0.1296349930011432,
      "min": 0.0,
      "max": 0.596078431372549
    },
    "pct_negative": {
      "mean": 0.07556246467154136,
      "std": 0.023106691279777956,
      "min": 0.0,
      "max": 0.12573099415204678
    },
    "pct_neutral": {
      "mean": 0.01663643322191848,
      "std": 0.009246587319262293,
      "min": 0.0,
      "max": 0.037037037037037035
    },
    "pct_positive": {
      "mean": 0.35648212005822816,
      "std": 0.09526612249795315,
      "min": 0.0,
      "max": 0.4523809523809524
    },
    "hopelessness_density": {
      "mean": 0.0007613665472663739,
      "std": 0.0002827515128681501,
      "min": 0.0,
      "max": 0.0014660773195333651
    },
    "help_seeking_density": {
      "mean": 0.0055788812002352025,
      "std": 0.0016364132443355212,
      "min": 0.0,
      "max": 0.007837704015503261
    },
    "distress_density": {
      "mean": 0.009808482572802209,
      "std": 0.002696491606458769,
      "min": 0.0,
      "max": 0.013055561679727972
    },
    "suicidality_density": {
      "mean": 0.24140866218905574,
      "std": 0.07371019545938132,
      "min": 0.0,
      "max": 0.39473684210526316
    },
    "isolation_density": {
      "mean": 0.25214943359248787,
      "std": 0.07708089666213187,
      "min": 0.0,
      "max": 0.378698224852071
    },
    "economic_stress_density": {
      "mean": 0.07488432530833898,
      "std": 0.027055686417158754,
      "min": 0.0,
      "max": 0.16062176165803108
    },
    "domestic_stress_density": {
      "mean": 0.014597620114232617,
      "std": 0.008219339737550653,
      "min": 0.0,
      "max": 0.0446927374301676
    },
    "post_volume": {
      "mean": 542.6137931034483,
      "std": 330.7086076015598,
      "min": 0.0,
      "max": 1181.0
    },
    "avg_comments": {
      "mean": 0.0,
      "std": 0.0,
      "min": 0.0,
      "max": 0.0
    },
    "unique_posters": {
      "mean": 482.82758620689657,
      "std": 273.9177528836486,
      "min": 0.0,
      "max": 988.0
    },
    "new_poster_ratio": {
      "mean": 0.809988645620024,
      "std": 0.22870001258446582,
      "min": 0.0,
      "max": 1.0
    },
    "posting_time_entropy": {
      "mean": 1.0959093746570443,
      "std": 1.4944771512201358,
      "min": 0.0,
      "max": 3.16104587396382
    },
    "dominant_topic": {
      "mean": 0.0,
      "std": 0.0,
      "min": 0.0,
      "max": 0.0
    },
    "topic_entropy": {
      "mean": 0.550728368113492,
      "std": 0.2276440423524709,
      "min": 0.0,
      "max": 1.0804796456434034
    },
    "topic_shift_jsd": {
      "mean": 0.11965051888385288,
      "std": 0.049319053209487415,
      "min": 0.0,
      "max": 0.2351829511732973
    },
    "topic_shift_jsd_4w": {
      "mean": 0.11944642695495108,
      "std": 0.05548120214647122,
      "min": 0.0,
      "max": 0.2653448880939431
    },
    "avg_word_count_delta": {
      "mean": -0.07241084697959571,
      "std": 39.998694797590495,
      "min": -225.7405063291139,
      "max": 220.63800904977376
    },
    "std_word_count_delta": {
      "mean": 0.5164364498419629,
      "std": 57.08380808876017,
      "min": -195.8209512598001,
      "max": 222.08641505027333
    },
    "avg_char_count_delta": {
      "mean": -0.50762734549871,
      "std": 210.29636625299227,
      "min": -1196.1455696202531,
      "max": 1173.2714932126696
    },
    "avg_type_token_ratio_delta": {
      "mean": 8.118701821325522e-05,
      "std": 0.1117508660587137,
      "min": -0.6610006182733918,
      "max": 0.6810499104732987
    },
    "avg_flesch_kincaid_delta": {
      "mean": 0.0042310914680563465,
      "std": 1.484247653447088,
      "min": -8.730517617217833,
      "max": 8.374181375155882
    },
    "first_person_singular_ratio_delta": {
      "mean": 4.747757883138386e-05,
      "std": 0.014763472823863769,
      "min": -0.0923696949456944,
      "max": 0.08775811463704343
    },
    "first_person_plural_ratio_delta": {
      "mean": -1.1462410155385761e-06,
      "std": 0.0005653170374446502,
      "min": -0.002026800815552234,
      "max": 0.001959794747528785
    },
    "avg_compound_delta": {
      "mean": 0.0003658335620455795,
      "std": 0.0682341115642832,
      "min": -0.23045546218487398,
      "max": 0.31873797468354437
    },
    "avg_positive_delta": {
      "mean": -3.4450760050615403e-06,
      "std": 0.01894582998755596,
      "min": -0.11760818713450293,
      "max": 0.11100420168067228
    },
    "avg_negative_delta": {
      "mean": 1.3798657385108054e-05,
      "std": 0.02302965978586709,
      "min": -0.13708479532163742,
      "max": 0.13668067226890757
    },
    "avg_neutral_delta": {
      "mean": -1.0449915401137764e-05,
      "std": 0.12587470150078392,
      "min": -0.7572911392405063,
      "max": 0.7630678733031675
    },
    "pct_very_negative_delta": {
      "mean": -0.0004380843879822397,
      "std": 0.09427766367512534,
      "min": -0.5886075949367089,
      "max": 0.5336134453781513
    },
    "pct_negative_delta": {
      "mean": 0.00010059109957658985,
      "std": 0.02376251492232419,
      "min": -0.12573099415204678,
      "max": 0.09523809523809523
    },
    "pct_neutral_delta": {
      "mean": 0.00016052850924582471,
      "std": 0.009627547419320348,
      "min": -0.02531645569620253,
      "max": 0.028028028028028028
    },
    "pct_positive_delta": {
      "mean": 0.00017696477915982493,
      "std": 0.06982695887928013,
      "min": -0.3713450292397661,
      "max": 0.416289592760181
    },
    "hopelessness_density_delta": {
      "mean": -1.1654165335801191e-06,
      "std": 0.00028558415645004646,
      "min": -0.000876151812168785,
      "max": 0.0008409074029151749
    },
    "help_seeking_density_delta": {
      "mean": -9.693785073285683e-06,
      "std": 0.0013296016403831785,
      "min": -0.006395272652579091,
      "max": 0.006571218787743803
    },
    "distress_density_delta": {
      "mean": 6.740896195139139e-06,
      "std": 0.0020599073617158844,
      "min": -0.012245241791631683,
      "max": 0.010562231358358843
    },
    "suicidality_density_delta": {
      "mean": 3.4423131329320884e-05,
      "std": 0.06553389177106152,
      "min": -0.39473684210526316,