{
  "subreddit": "mentalhealth",
  "features": {
    "avg_word_count": {
      "mean": 225.1772212229271,
      "std": 15.678644943087711,
      "min": 191.79876160990713,
      "max": 279.39086294416245
    },
    "std_word_count": {
      "mean": 234.3283441794517,
      "std": 43.92882237944929,
      "min": 154.73213037763622,
      "max": 406.20145835080814
    },
    "avg_char_count": {
      "mean": 1185.2501170327548,
      "std": 85.05097400866703,
      "min": 1014.6842105263158,
      "max": 1474.274111675127
    },
    "avg_type_token_ratio": {
      "mean": 0.6676299325505191,
      "std": 0.010542376652275996,
      "min": 0.6358631291771316,
      "max": 0.6920094359565359
    },
    "avg_flesch_kincaid": {
      "mean": 8.561601106811311,
      "std": 0.3793978726799976,
      "min": 7.458780597951886,
      "max": 10.359571078145956
    },
    "first_person_singular_ratio": {
      "mean": 0.08536372326924944,
      "std": 0.0033375905368883355,
      "min": 0.07481464129581501,
      "max": 0.09428606868043195
    },
    "first_person_plural_ratio": {
      "mean": 0.0023131400859067283,
      "std": 0.0004450693083281072,
      "min": 0.0013319947801706449,
      "max": 0.003468234015736757
    },
    "avg_compound": {
      "mean": -0.2004920062797483,
      "std": 0.04502957328610015,
      "min": -0.31873797468354437,
      "max": -0.06222929883138565
    },
    "avg_positive": {
      "mean": 0.11018399890880608,
      "std": 0.00394161051564124,
      "min": 0.10050925925925926,
      "max": 0.12108514190317196
    },
    "avg_negative": {
      "mean": 0.1320896737811608,
      "std": 0.004272311410563526,
      "min": 0.1195977011494253,
      "max": 0.1402770780856423
    },
    "avg_neutral": {
      "mean": 0.7577239966528516,
      "std": 0.005298488508848312,
      "min": 0.7453099415204679,
      "max": 0.7771630901287554
    },
    "pct_very_negative": {
      "mean": 0.5191636184662963,
      "std": 0.03122472201053868,
      "min": 0.4248747913188648,
      "max": 0.596078431372549
    },
    "pct_negative": {
      "mean": 0.08097070311802962,
      "std": 0.012699323040741412,
      "min": 0.050980392156862744,
      "max": 0.12573099415204678
    },
    "pct_neutral": {
      "mean": 0.018137774479204682,
      "std": 0.008451372114980881,
      "min": 0.0,
      "max": 0.037037037037037035
    },
    "pct_positive": {
      "mean": 0.3817279039364693,
      "std": 0.026186341895064916,
      "min": 0.3037974683544304,
      "max": 0.4557595993322204
    },
    "hopelessness_density": {
      "mean": 0.000985856681564509,
      "std": 0.00020704246928289214,
      "min": 0.00039421288287899275,
      "max": 0.0015721355661491043
    },
    "help_seeking_density": {
      "mean": 0.006242507266178998,
      "std": 0.0008549558431806475,
      "min": 0.004069182909485706,
      "max": 0.008309057004803229
    },
    "distress_density": {
      "mean": 0.011107751911126604,
      "std": 0.0010077522003060682,
      "min": 0.00898265236144226,
      "max": 0.013600447189816456
    },
    "post_volume": {
      "mean": 615.2808219178082,
      "std": 328.73755894960857,
      "min": 84.0,
      "max": 1237.0
    },
    "avg_comments": {
      "mean": 0.0,
      "std": 0.0,
      "min": 0.0,
      "max": 0.0
    },
    "unique_posters": {
      "mean": 545.9109589041096,
      "std": 269.4371891806269,
      "min": 84.0,
      "max": 1063.0
    },
    "new_poster_ratio": {
      "mean": 0.8530543793454065,
      "std": 0.10028614898392409,
      "min": 0.6856316297010607,
      "max": 1.0
    },
    "posting_time_entropy": {
      "mean": 1.3035256418068006,
      "std": 1.5454763137732197,
      "min": 0.0,
      "max": 3.16104587396382
    },
    "dominant_topic": {
      "mean": 0.0,
      "std": 0.0,
      "min": 0.0,
      "max": 0.0
    },
    "topic_entropy": {
      "mean": 0.294166976105706,
      "std": 0.18130531637247763,
      "min": -0.0,
      "max": 0.8031195185236476
    },
    "topic_shift_jsd": {
      "mean": 0.11605023577091055,
      "std": 0.04380353910557413,
      "min": 0.0005889343982590916,
      "max": 0.32309158063258403
    },
    "topic_shift_jsd_4w": {
      "mean": 0.12321385029895492,
      "std": 0.061481924887615585,
      "min": 0.0,
      "max": 0.4322416175650636
    },
    "avg_word_count_delta": {
      "mean": -0.08300028179461465,
      "std": 16.766230806669686,
      "min": -52.92911431028267,
      "max": 48.32133231629797
    },
    "std_word_count_delta": {
      "mean": 0.5405971963902594,
      "std": 47.364465707610236,
      "min": -140.7603271453325,
      "max": 141.1278993030753
    },
    "avg_char_count_delta": {
      "mean": -0.5506353647186824,
      "std": 87.12767637911621,
      "min": -284.1976089428865,
      "max": 250.32814645308918
    },
    "avg_type_token_ratio_delta": {
      "mean": 0.00011650422788190795,
      "std": 0.009600604443269121,
      "min": -0.021080842612730244,
      "max": 0.028513027124240087
    },
    "avg_flesch_kincaid_delta": {
      "mean": 0.006194389515357508,
      "std": 0.4686451222204759,
      "min": -1.7398805795497392,
      "max": 1.4576947218105971
    },
    "first_person_singular_ratio_delta": {
      "mean": 6.912614010329885e-05,
      "std": 0.0032419120864977825,
      "min": -0.008571028851425619,
      "max": 0.008604970891432903
    },
    "first_person_plural_ratio_delta": {
      "mean": -2.0805609804374527e-06,
      "std": 0.0004921401802594045,
      "min": -0.0012275577144954795,
      "max": 0.001531427301781356
    },
    "avg_compound_delta": {
      "mean": 0.00021529781457535214,
      "std": 0.05972439386970808,
      "min": -0.16340872616323418,
      "max": 0.21647091836734694
    },
    "avg_positive_delta": {
      "mean": -1.530149496465897e-05,
      "std": 0.00454211150869719,
      "min": -0.01262224764810578,
      "max": 0.011971177631396088
    },
    "avg_negative_delta": {
      "mean": 3.4901384521388705e-05,
      "std": 0.005032357538693868,
      "min": -0.012868232309979896,
      "max": 0.009909982174688053
    },
    "avg_neutral_delta": {
      "mean": -1.973565327384007e-05,
      "std": 0.005631869547713264,
      "min": -0.016554454022988496,
      "max": 0.015263309680112358
    },
    "pct_very_negative_delta": {
      "mean": -0.00026828932345914907,
      "std": 0.038359818160401085,
      "min": -0.11904761904761907,
      "max": 0.0941043083900227
    },
    "pct_negative_delta": {
      "mean": 5.6390514262535246e-05,
      "std": 0.01750532850033979,
      "min": -0.04042124096584088,
      "max": 0.06620718462823726
    },
    "pct_neutral_delta": {
      "mean": 0.00013837000138370027,
      "std": 0.009452896055319399,
      "min": -0.024772036474164132,
      "max": 0.028028028028028028
    },
    "pct_positive_delta": {
      "mean": 7.352880781291363e-05,
      "std": 0.036816606708409076,
      "min": -0.09738113399440629,
      "max": 0.13945578231292516
    },
    "hopelessness_density_delta": {
      "mean": -5.208323510688002e-07,
      "std": 0.000265836736276035,
      "min": -0.0007026214455240418,
      "max": 0.000805432506047055
    },
    "help_seeking_density_delta": {
      "mean": -1.4541344019862827e-05,
      "std": 0.000891027637485746,
      "min": -0.003128051209224017,
      "max": 0.0024145122108506683
    },
    "distress_density_delta": {
      "mean": 1.2247561201425014e-05,
      "std": 0.0011049319836849345,
      "min": -0.0028558578809947787,
      "max": 0.0041451848090810605
    },
    "post_volume_delta": {
      "mean": 6.636986301369863,
      "std": 166.73364594929436,
      "min": -798.0,
      "max": 538.0
    },
    "avg_comments_delta": {
      "mean": 0.0,
      "std": 0.0,
      "min": 0.0,
      "max": 0.0
    },
    "unique_posters_delta": {
      "mean": 5.534246575342466,
      "std": 143.29468861266577,
      "min": -679.0,
      "max": 494.0
    },