{
  "subreddit": "mentalhealth",
  "features": {
    "avg_word_count": {
      "mean": 217.69596095497965,
      "std": 18.199730632715745,
      "min": 83.5,
      "max": 279.39086294416245
    },
    "std_word_count": {
      "mean": 227.0709380557276,
      "std": 46.6021640990088,
      "min": 56.01115960235067,
      "max": 406.20145835080814
    },
    "avg_char_count": {
      "mean": 1140.2852025176526,
      "std": 98.08016713128293,
      "min": 458.5,
      "max": 1474.274111675127
    },
    "avg_type_token_ratio": {
      "mean": 0.6710713710763277,
      "std": 0.011576208733380344,
      "min": 0.6358631291771316,
      "max": 0.7701579462877453
    },
    "avg_flesch_kincaid": {
      "mean": 9.072048471519771,
      "std": 0.6854532369306634,
      "min": 6.361478773129404,
      "max": 12.224079000746162
    },
    "first_person_singular_ratio": {
      "mean": 0.0880441989717105,
      "std": 0.005771182462390036,
      "min": 0.03739632762533526,
      "max": 0.09659891285097919
    },
    "first_person_plural_ratio": {
      "mean": 0.0023313141395559585,
      "std": 0.00039360822601747203,
      "min": 0.0,
      "max": 0.003468234015736757
    },
    "avg_compound": {
      "mean": -0.18740231470784527,
      "std": 0.04423094697368471,
      "min": -0.31873797468354437,
      "max": 0.22126666666666664
    },
    "avg_positive": {
      "mean": 0.11086535947324819,
      "std": 0.0032441306023874316,
      "min": 0.09974999999999999,
      "max": 0.12108514190317196
    },
    "avg_negative": {
      "mean": 0.1316983061904314,
      "std": 0.004510974405330091,
      "min": 0.09149999999999998,
      "max": 0.1410546875
    },
    "avg_neutral": {
      "mean": 0.7574372026771082,
      "std": 0.005439692521795729,
      "min": 0.7453099415204679,
      "max": 0.8003333333333335
    },
    "pct_very_negative": {
      "mean": 0.5071844828234539,
      "std": 0.03321682358069668,
      "min": 0.16666666666666666,
      "max": 0.596078431372549
    },
    "pct_negative": {
      "mean": 0.08421796787947883,
      "std": 0.01278935412837006,
      "min": 0.0,
      "max": 0.16666666666666666
    },
    "pct_neutral": {
      "mean": 0.0226081920331532,
      "std": 0.012100291391445037,
      "min": 0.0,
      "max": 0.16666666666666666
    },
    "pct_positive": {
      "mean": 0.3859893572639141,
      "std": 0.023159351827298738,
      "min": 0.3037974683544304,
      "max": 0.5
    },
    "hopelessness_density": {
      "mean": 0.001000871683865403,
      "std": 0.0001864953295410409,
      "min": 0.0,
      "max": 0.0015721355661491043
    },
    "help_seeking_density": {
      "mean": 0.00564451029928855,
      "std": 0.000919342874623057,
      "min": 0.0,
      "max": 0.008309057004803229
    },
    "distress_density": {
      "mean": 0.010235382727293648,
      "std": 0.0012859114259851402,
      "min": 0.0022624434389140274,
      "max": 0.016651178227680054
    },
    "post_volume": {
      "mean": 1095.6875,
      "std": 615.4280790663522,
      "min": 4.0,
      "max": 2211.0
    },
    "avg_comments": {
      "mean": 0.0,
      "std": 0.0,
      "min": 0.0,
      "max": 0.0
    },
    "unique_posters": {
      "mean": 982.2203947368421,
      "std": 553.3127781587654,
      "min": 3.0,
      "max": 2011.0
    },
    "new_poster_ratio": {
      "mean": 0.7786754471250567,
      "std": 0.11499914571881155,
      "min": 0.0,
      "max": 1.0
    },
    "posting_time_entropy": {
      "mean": 2.251710936831737,
      "std": 1.4116231854973806,
      "min": 0.0,
      "max": 3.1612181731111435
    },
    "dominant_topic": {
      "mean": 0.0,
      "std": 0.0,
      "min": 0.0,
      "max": 0.0
    },
    "topic_entropy": {
      "mean": 0.0,
      "std": 0.0,
      "min": 0.0,
      "max": 0.0
    },
    "topic_shift_jsd": {
      "mean": 0.0,
      "std": 0.0,
      "min": 0.0,
      "max": 0.0
    },
    "avg_word_count_delta": {
      "mean": -0.1393416490277044,
      "std": 16.331100883912974,
      "min": -135.3954802259887,
      "max": 88.04782608695652
    },
    "std_word_count_delta": {
      "mean": -0.16174557060102626,
      "std": 44.09776928498521,
      "min": -200.9809947883357,
      "max": 141.1278993030753
    },
    "avg_char_count_delta": {
      "mean": -0.7893423799683076,
      "std": 84.33322850603916,
      "min": -686.768361581921,
      "max": 457.28695652173906
    },
    "avg_type_token_ratio_delta": {
      "mean": 5.6874048021868896e-05,
      "std": 0.010217080846648683,
      "min": -0.07225717262071873,
      "max": 0.09097326299137687
    },
    "avg_flesch_kincaid_delta": {
      "mean": 0.005496019611036682,
      "std": 0.668100282749693,
      "min": -5.72201122419564,
      "max": 3.113303777882793
    },
    "first_person_singular_ratio_delta": {
      "mean": 4.8749408253481894e-05,
      "std": 0.004988986576249865,
      "min": -0.0521192226788271,
      "max": 0.05366960605331352
    },
    "first_person_plural_ratio_delta": {
      "mean": -1.8043360902451435e-06,
      "std": 0.00043921214367874655,
      "min": -0.0018388121376882757,
      "max": 0.002087875569377391
    },
    "avg_compound_delta": {
      "mean": -1.7038514625886326e-06,
      "std": 0.05592166564662743,
      "min": -0.39946666666666664,
      "max": 0.38375941619585685
    },
    "avg_positive_delta": {
      "mean": -1.3218490516085865e-05,
      "std": 0.003762501312456513,
      "min": -0.01262224764810578,
      "max": 0.011971177631396088
    },
    "avg_negative_delta": {
      "mean": 2.831843017734079e-05,
      "std": 0.005052726952760161,
      "min": -0.037365348399246726,
      "max": 0.03259637681159419
    },
    "avg_neutral_delta": {
      "mean": -1.5144326230197291e-05,
      "std": 0.005863566489788119,
      "min": -0.03629637681159403,
      "max": 0.04308380414312618
    },
    "pct_very_negative_delta": {
      "mean": -8.464452832322539e-05,
      "std": 0.03995589844803415,
      "min": -0.32485875706214695,
      "max": 0.33333333333333337
    },
    "pct_negative_delta": {
      "mean": 4.897302042007071e-05,
      "std": 0.018063935773248923,
      "min": -0.16666666666666666,
      "max": 0.08097928436911486
    },
    "pct_neutral_delta": {
      "mean": 5.101322825781041e-05,
      "std": 0.014860727623363273,
      "min": -0.16666666666666666,
      "max": 0.13559322033898305
    },
    "pct_positive_delta": {
      "mean": -1.5341720354655535e-05,
      "std": 0.030362913261312255,
      "min": -0.1492753623188406,
      "max": 0.13945578231292516
    },
    "hopelessness_density_delta": {
      "mean": 1.243614062161933e-07,
      "std": 0.00023094064749692628,
      "min": -0.000843782295610064,
      "max": 0.0011534909692899429
    },
    "help_seeking_density_delta": {
      "mean": -5.476527943547099e-06,
      "std": 0.0007869043557741135,
      "min": -0.0036231884057971015,
      "max": 0.005193009617848428
    },
    "distress_density_delta": {
      "mean": 1.904626265447171e-06,
      "std": 0.0013148414450650495,
      "min": -0.014388734788766027,
      "max": 0.00698542973882974
    },
    "post_volume_delta": {
      "mean": 5.430921052631579,
      "std": 167.34076761530514,
      "min": -1056.0,
      "max": 892.0
    },
    "avg_comments_delta": {
      "mean": 0.0,
      "std": 0.0,
      "min": 0.0,
      "max": 0.0
    },
    "unique_posters_delta": {
      "mean": 4.809210526315789,
      "std": 146.77133529876082,
      "min": -956.0,
      "max": 760.0
    },
    "new_poster_ratio_delta": {
      "mean": -0.0009353768120479663,
      "std": 0.0581868158104669,
      "min": -0.4930280957336108,
      "max": 0.6489028213166145
    },
    "posting_time_entropy_delta": {
      "mean": 0.010377744771705477,
      "std": 0.31742884183114217,
      "min": -2.333993069951809,
      "max": 3.136166826644201
    },
    "topic_entropy_delta": {
      "mean": 0.0,
      "std": 0.0,
      "min": 0.0,
      "max": 0.0
    },