{
  "subreddit": "suicidewatch",
  "features": {
    "pct_positive_delta": {
      "mean": -0.00016670834375260391,
      "std": 0.11655629593191004,
      "min": -0.2927322137830117,
      "max": 0.38614488348530907
    },
    "hopelessness_density_delta": {
      "mean": 4.919719979384264e-05,
      "std": 0.0051443866982446105,
      "min": -0.01606990381353547,
      "max": 0.012908822833731423
    },
    "pct_negative": {
      "mean": 0.06727266282245067,
      "std": 0.03606274941547106,
      "min": 0.020202020202020204,
      "max": 0.3333333333333333
    },
    "avg_compound_delta": {
      "mean": -0.001164466116529132,
      "std": 0.1776997064084024,
      "min": -0.4365890809002857,
      "max": 0.5764009625126647
    },
    "avg_type_token_ratio_roll4w": {
      "mean": 0.872963474509951,
      "std": 0.012181088217385266,
      "min": 0.788990288990289,
      "max": 0.885699222679287
    },
    "avg_word_count_roll4w": {
      "mean": 46.84239376914496,
      "std": 1.2980538702893958,
      "min": 44.65649179818589,
      "max": 50.224169055630256
    },
    "posting_time_entropy_roll2w": {
      "mean": 3.0156988973459944,
      "std": 0.2877194940886805,
      "min": 0.6365141682948128,
      "max": 3.131064355066105
    },
    "avg_flesch_kincaid_delta": {
      "mean": -0.006976323360570784,
      "std": 0.23409725879699406,
      "min": -0.6706732262322852,
      "max": 0.7992640080649549
    },
    "pct_very_negative_delta": {
      "mean": 0.002500625156289071,
      "std": 0.11909479014522224,
      "min": -0.3917173252279635,
      "max": 0.3132882725942443
    },
    "hopelessness_density_roll2w": {
      "mean": 0.007860171911531412,
      "std": 0.0038506523714913216,
      "min": 0.0,
      "max": 0.020202657597979706
    },
    "unique_posters_delta": {
      "mean": 1.2043010752688172,
      "std": 38.99653249350594,
      "min": -73.0,
      "max": 141.0
    },
    "avg_type_token_ratio": {
      "mean": 0.8740944814562317,
      "std": 0.01624819350606112,
      "min": 0.788990288990289,
      "max": 0.8976383012795267
    },
    "help_seeking_density_roll2w": {
      "mean": 0.026272515921799973,
      "std": 0.002005014933432403,
      "min": 0.020189833764810976,
      "max": 0.030728735858959938
    },
    "post_volume_roll4w": {
      "mean": 136.20519713261646,
      "std": 20.686542858237384,
      "min": 3.0,
      "max": 171.75
    },
    "avg_type_token_ratio_delta": {
      "mean": 0.0010893722085005735,
      "std": 0.02011816364305859,
      "min": -0.04181952335889816,
      "max": 0.09855480535251038
    },
    "avg_positive": {
      "mean": 0.12823295618329883,
      "std": 0.010448493485911828,
      "min": 0.10260689655172414,
      "max": 0.14620238095238097
    },
    "first_person_singular_ratio_delta": {
      "mean": 4.393709061428655e-05,
      "std": 0.006216100995062529,
      "min": -0.018900491141568096,
      "max": 0.012756461728615567
    },
    "week_cos": {
      "mean": -0.08220912583089575,
      "std": 0.7023717849643459,
      "min": -1.0,
      "max": 1.0
    },
    "avg_flesch_kincaid_roll2w": {
      "mean": 4.678832309105068,
      "std": 0.16404317708303448,
      "min": 4.318041143111699,
      "max": 5.478803556803558
    },
    "avg_negative_delta": {
      "mean": 0.0002278903059098111,
      "std": 0.02627720442517551,
      "min": -0.0871144883485309,
      "max": 0.06579081597101255
    },
    "std_word_count": {
      "mean": 17.24978502667279,
      "std": 1.3318796581013062,
      "min": 14.24853321140516,
      "max": 23.213980461973534
    },
    "pct_neutral_roll4w": {
      "mean": 0.03508959383756635,
      "std": 0.009841861501960857,
      "min": 0.0,
      "max": 0.06132827860454039
    },
    "post_volume_roll2w": {
      "mean": 136.7311827956989,
      "std": 26.06133642379998,
      "min": 3.0,
      "max": 189.0
    },
    "avg_positive_delta": {
      "mean": 0.00027515212136367434,
      "std": 0.012669002666411213,
      "min": -0.027389694597912836,
      "max": 0.03196051638230407
    },
    "avg_char_count": {
      "mean": 260.53703611022706,
      "std": 12.341261471232846,
      "min": 242.23391812865498,
      "max": 304.4551724137931
    },
    "help_seeking_density_delta": {
      "mean": 1.71669130523713e-05,
      "std": 0.0037381755977081792,
      "min": -0.008441968423152688,
      "max": 0.012187923712245703
    },
    "avg_char_count_roll4w": {
      "mean": 260.6969375319404,
      "std": 6.532311400034206,
      "min": 249.3394241396242,
      "max": 277.07439994953336
    },
    "hopelessness_density_roll4w": {
      "mean": 0.007814218520276788,
      "std": 0.0029117412612986045,
      "min": 0.0,
      "max": 0.015599666129497614
    },
    "avg_char_count_roll2w": {
      "mean": 260.61522232344703,
      "std": 9.69269221909858,
      "min": 245.0801568942975,
      "max": 294.7982668351688
    },
    "pct_negative_delta": {
      "mean": -0.002917396015670583,
      "std": 0.04126569566211074,
      "min": -0.2741617357001972,
      "max": 0.07653383934218849
    },
    "distress_density_delta": {
      "mean": 7.523554591774903e-05,
      "std": 0.0060685987810109214,
      "min": -0.018126333629341844,
      "max": 0.014675705360225761
    },
    "new_poster_ratio_roll4w": {
      "mean": 0.06960755906210638,
      "std": 0.20795517802666955,
      "min": 0.0,
      "max": 1.0
    },
    "avg_flesch_kincaid": {
      "mean": 4.675344147424783,
      "std": 0.19302004458583435,
      "min": 4.116295097325472,
      "max": 5.478803556803558
    },
    "std_word_count_roll2w": {
      "mean": 17.292046729631956,
      "std": 1.0718205824105018,
      "min": 15.02003878684382,
      "max": 23.213980461973534
    },
    "new_poster_ratio": {
      "mean": 0.053791659509647684,
      "std": 0.17697957828553199,
      "min": 0.0,
      "max": 1.0
    },
    "distress_density": {
      "mean": 0.023070918760831092,
      "std": 0.005217146400002003,
      "min": 0.009009009009009009,
      "max": 0.03870670302650311
    },
    "avg_neutral": {
      "mean": 0.7521360855594187,
      "std": 0.01712219189948074,
      "min": 0.7024000000000001,
      "max": 0.8203333333333335
    },
    "first_person_singular_ratio": {
      "mean": 0.07452818014608435,
      "std": 0.005171033411846122,
      "min": 0.06285505133094298,
      "max": 0.08740194110304572
    },
    "avg_word_count": {
      "mean": 46.82983978082271,
      "std": 2.407655475948554,
      "min": 43.43859649122807,
      "max": 55.53103448275862
    },
    "avg_negative": {
      "mean": 0.11962079661498555,
      "std": 0.024335106333714083,
      "min": 0.06866666666666667,
      "max": 0.19511034482758624
    },
    "avg_char_count_delta": {
      "mean": -0.1563724264399432,
      "std": 15.114471221008301,
      "min": -36.81551855991526,
      "max": 40.315933519108285
    },
    "avg_flesch_kincaid_roll4w": {
      "mean": 4.685452879595113,
      "std": 0.1426095876132976,
      "min": 4.402872723678212,
      "max": 5.478803556803558
    },
    "avg_type_token_ratio_roll2w": {
      "mean": 0.8735497953519813,
      "std": 0.014147574561864025,
      "min": 0.788990288990289,
      "max": 0.8912148040381797
    },
    "posting_time_entropy": {
      "mean": 3.0288073363719996,
      "std": 0.2709702590543602,
      "min": 0.6365141682948128,
      "max": 3.145855560731542
    },
    "week_sin": {
      "mean": 0.07283093019817821,
      "std": 0.7108794834578117,
      "min": -1.0,
      "max": 1.0
    },
    "avg_word_count_delta": {
      "mean": -0.017421021922147215,
      "std": 2.9259389620447975,
      "min": -7.2968409906465155,
      "max": 7.6853602707006345
    },
    "distress_density_roll4w": {
      "mean": 0.02300923810670461,
      "std": 0.003248383348217372,
      "min": 0.009009009009009009,
      "max": 0.03292108858967688
    },
    "avg_positive_roll4w": {
      "mean": 0.12797508859048096,
      "std": 0.00610098508755303,