{
  "subreddit": "suicidewatch",
  "features": {
    "avg_word_count": {
      "mean": 171.30644653755897,
      "std": 14.305280553131286,
      "min": 147.64930555555554,
      "max": 215.1103896103896
    },
    "std_word_count": {
      "mean": 203.57227058079377,
      "std": 31.656603337580275,
      "min": 147.3945748001917,
      "max": 386.4726260178906
    },
    "avg_char_count": {
      "mean": 875.6191526057729,
      "std": 74.73154074729857,
      "min": 754.953954496208,
      "max": 1105.3103896103896
    },
    "avg_type_token_ratio": {
      "mean": 0.7045490665423189,
      "std": 0.012390135575672126,
      "min": 0.6648915097711205,
      "max": 0.7290367617106175
    },
    "avg_flesch_kincaid": {
      "mean": 7.835513435862858,
      "std": 0.6900362949747665,
      "min": 6.2563058279847885,
      "max": 12.585215676807262
    },
    "first_person_singular_ratio": {
      "mean": 0.10161387195144216,
      "std": 0.0023931637419968305,
      "min": 0.09498327128315048,
      "max": 0.11107075695407578
    },
    "first_person_plural_ratio": {
      "mean": 0.001519627211135079,
      "std": 0.0002124790001425361,
      "min": 0.0007803072760679779,
      "max": 0.0025968013248295996
    },
    "avg_compound": {
      "mean": -0.40895888414589665,
      "std": 0.02540883846717283,
      "min": -0.4984094249201279,
      "max": -0.34493908045977006
    },
    "avg_positive": {
      "mean": 0.11168650637684073,
      "std": 0.0025177186496938633,
      "min": 0.10614181286549708,
      "max": 0.12396744186046511
    },
    "avg_negative": {
      "mean": 0.17126173106175943,
      "std": 0.0033745529359004906,
      "min": 0.15940611353711792,
      "max": 0.18239999999999998
    },
    "avg_neutral": {
      "mean": 0.7170509712066588,
      "std": 0.004469083738907389,
      "min": 0.7040486111111111,
      "max": 0.7286899563318778
    },
    "pct_very_negative": {
      "mean": 0.6234879235234811,
      "std": 0.020726760038752526,
      "min": 0.5782187355791417,
      "max": 0.6961602671118531
    },
    "pct_negative": {
      "mean": 0.0907658633624084,
      "std": 0.0102714864415845,
      "min": 0.05555555555555555,
      "max": 0.12545676004872108
    },
    "pct_neutral": {
      "mean": 0.0281135107642035,
      "std": 0.00814517557483584,
      "min": 0.0,
      "max": 0.05389867049946101
    },
    "pct_positive": {
      "mean": 0.257632702349907,
      "std": 0.013810725296085288,
      "min": 0.20253164556962025,
      "max": 0.2926829268292683
    },
    "hopelessness_density": {
      "mean": 0.0026931143527181246,
      "std": 0.00029106499669181253,
      "min": 0.0020032973309596293,
      "max": 0.003907802928491622
    },
    "help_seeking_density": {
      "mean": 0.0028792346839596676,
      "std": 0.000501962117452313,
      "min": 0.0019896945774820775,
      "max": 0.005472155338366851
    },
    "distress_density": {
      "mean": 0.007994445090986404,
      "std": 0.0005744458197899902,
      "min": 0.006563186819156885,
      "max": 0.010601642645502323
    },
    "post_volume": {
      "mean": 1523.5511551155116,
      "std": 807.0423332592302,
      "min": 142.0,
      "max": 3173.0
    },
    "avg_comments": {
      "mean": 0.0,
      "std": 0.0,
      "min": 0.0,
      "max": 0.0
    },
    "unique_posters": {
      "mean": 1301.0825082508252,
      "std": 662.8308668661327,
      "min": 142.0,
      "max": 2633.0
    },
    "new_poster_ratio": {
      "mean": 0.7362271008187132,
      "std": 0.12012454841604511,
      "min": 0.6078431372549019,
      "max": 1.0
    },
    "posting_time_entropy": {
      "mean": 2.2670526572048124,
      "std": 1.40773029838043,
      "min": 0.0,
      "max": 3.1586879324315413
    },
    "dominant_topic": {
      "mean": 0.0,
      "std": 0.0,
      "min": 0.0,
      "max": 0.0
    },
    "topic_entropy": {
      "mean": 0.0,
      "std": 0.0,
      "min": 0.0,
      "max": 0.0
    },
    "topic_shift_jsd": {
      "mean": 0.0,
      "std": 0.0,
      "min": 0.0,
      "max": 0.0
    },
    "avg_word_count_delta": {
      "mean": -0.05601076263409869,
      "std": 11.000183665735822,
      "min": -40.37178861788618,
      "max": 37.51788583509514
    },
    "std_word_count_delta": {
      "mean": 0.05495154729429979,
      "std": 39.51456935507733,
      "min": -178.69226848088795,
      "max": 227.9284657062127
    },
    "avg_char_count_delta": {
      "mean": -0.29628429241351567,
      "std": 56.57807242620683,
      "min": -206.94065040650412,
      "max": 196.49007953287037
    },
    "avg_type_token_ratio_delta": {
      "mean": 8.89334316579207e-05,
      "std": 0.007991946192939858,
      "min": -0.02938051049082746,
      "max": 0.03325221885326435
    },
    "avg_flesch_kincaid_delta": {
      "mean": 0.004472374114183015,
      "std": 0.7275220102779117,
      "min": -5.049994584661493,
      "max": 5.002195163760493
    },
    "first_person_singular_ratio_delta": {
      "mean": 1.0319586505872488e-05,
      "std": 0.0022428864367651743,
      "min": -0.011003209758295926,
      "max": 0.010400465199574535
    },
    "first_person_plural_ratio_delta": {
      "mean": 6.710934414301398e-07,
      "std": 0.00027750766810919657,
      "min": -0.0012397212386926538,
      "max": 0.001089948970160702
    },
    "avg_compound_delta": {
      "mean": 0.000241554809237297,
      "std": 0.027941838008973024,
      "min": -0.07721445091666168,
      "max": 0.08839492111937414
    },
    "avg_positive_delta": {
      "mean": -1.4964654521843913e-06,
      "std": 0.003030280926324719,
      "min": -0.015933415395436745,
      "max": 0.012503486222757168
    },
    "avg_negative_delta": {
      "mean": -1.4231280613164947e-05,
      "std": 0.0034817798267279816,
      "min": -0.012309441233140622,
      "max": 0.010604021124060975
    },
    "avg_neutral_delta": {
      "mean": 1.5779116458239786e-05,
      "std": 0.004419974728468634,
      "min": -0.010923720904699175,
      "max": 0.013855092979293882
    },
    "pct_very_negative_delta": {
      "mean": -0.00020995096622507026,
      "std": 0.019091346356115813,
      "min": -0.0662984137901389,
      "max": 0.054811982154238326
    },
    "pct_negative_delta": {
      "mean": 8.5162702645349e-05,
      "std": 0.012515768151605083,
      "min": -0.051973979635180884,
      "max": 0.05155635955336535
    },
    "pct_neutral_delta": {
      "mean": 6.702402533391746e-05,
      "std": 0.007548873955001015,
      "min": -0.0248565965583174,
      "max": 0.026529108327192335
    },
    "pct_positive_delta": {
      "mean": 5.776423824580366e-05,
      "std": 0.017909823645958355,
      "min": -0.05722559675749306,
      "max": 0.05921332087333278
    },
    "hopelessness_density_delta": {
      "mean": -2.7486705505823103e-06,
      "std": 0.00037724883305233453,
      "min": -0.001185046782109284,
      "max": 0.0012916870568809124
    },
    "help_seeking_density_delta": {
      "mean": -1.2528157246918827e-06,
      "std": 0.0005467344817734681,
      "min": -0.0022081056709089813,
      "max": 0.0028174486858357902
    },
    "distress_density_delta": {
      "mean": -1.0102227383354955e-06,
      "std": 0.0006518009880744938,
      "min": -0.002114640815829426,
      "max": 0.0024846692107895058
    },
    "post_volume_delta": {
      "mean": 6.181518151815181,
      "std": 203.65889070514575,
      "min": -867.0,
      "max": 1018.0
    },
    "avg_comments_delta": {
      "mean": 0.0,
      "std": 0.0,
      "min": 0.0,
      "max": 0.0
    },
    "unique_posters_delta": {
      "mean": 4.762376237623762,
      "std": 175.70505926491825,
      "min": -867.0,
      "max": 967.0
    },
    "new_poster_ratio_delta": {
      "mean": -0.0012813391757697584,
      "std": 0.036990797869685677,
      "min": -0.2613976802471295,
      "max": 0.3050496688741722
    },
    "posting_time_entropy_delta": {
      "mean": 0.010403634133082656,
      "std": 0.2841321675136233,
      "min": -2.0741749264063727,