{
  "type": "platt",
  "coef": 0.906593185700236,
  "intercept": -1.396272954714915
}