{
  "subreddit": "suicidewatch",
  "features": {
    "avg_word_count": {
      "mean": 168.8289063894366,
      "std": 48.23262895934466,
      "min": 0.0,
      "max": 215.1103896103896
    },
    "std_word_count": {
      "mean": 191.53280206971922,
      "std": 63.316709779270276,
      "min": 0.0,
      "max": 386.4726260178906
    },
    "avg_char_count": {
      "mean": 864.7983233377619,
      "std": 247.3071070956729,
      "min": 0.0,
      "max": 1105.3103896103896
    },
    "avg_type_token_ratio": {
      "mean": 0.6466212101357305,
      "std": 0.17691880872417146,
      "min": 0.0,
      "max": 0.715848210952407
    },
    "avg_flesch_kincaid": {
      "mean": 6.892438381667514,
      "std": 1.9997404412425341,
      "min": 0.0,
      "max": 12.58521567680726
    },
    "first_person_singular_ratio": {
      "mean": 0.0929087604317954,
      "std": 0.025458750116404947,
      "min": 0.0,
      "max": 0.11107075695407581
    },
    "first_person_plural_ratio": {
      "mean": 0.0014602650186865635,
      "std": 0.00046290666053985216,
      "min": 0.0,
      "max": 0.0025968013248295996
    },
    "avg_compound": {
      "mean": -0.39195706359355026,
      "std": 0.11069407617296802,
      "min": -0.4984094249201278,
      "max": 0.0
    },
    "avg_positive": {
      "mean": 0.10472079750411671,
      "std": 0.028732628658259596,
      "min": 0.0,
      "max": 0.12396744186046511
    },
    "avg_negative": {
      "mean": 0.15959997289898087,
      "std": 0.043768120306553485,
      "min": 0.0,
      "max": 0.1824
    },
    "avg_neutral": {
      "mean": 0.6667115451257897,
      "std": 0.18215449394544722,
      "min": 0.0,
      "max": 0.7286899563318777
    },
    "pct_very_negative": {
      "mean": 0.5930647786018165,
      "std": 0.1633320870229737,
      "min": 0.0,
      "max": 0.6961602671118531
    },
    "pct_negative": {
      "mean": 0.07907882275458301,
      "std": 0.024060731048223073,
      "min": 0.0,
      "max": 0.11573236889692586
    },
    "pct_neutral": {
      "mean": 0.02097145717836742,
      "std": 0.00930400340695125,
      "min": 0.0,
      "max": 0.043478260869565216
    },
    "pct_positive": {
      "mean": 0.2379194242238537,
      "std": 0.06706012970280752,
      "min": 0.0,
      "max": 0.2926829268292683
    },
    "hopelessness_density": {
      "mean": 0.0024029768079983404,
      "std": 0.0007291691723702827,
      "min": 0.0,
      "max": 0.003797952814000141
    },
    "help_seeking_density": {
      "mean": 0.0027910447733404983,
      "std": 0.0009509934398232595,
      "min": 0.0,
      "max": 0.0053812600710907
    },
    "distress_density": {
      "mean": 0.007292462538549086,
      "std": 0.002082046814606528,
      "min": 0.0,
      "max": 0.009925156369278326
    },
    "suicidality_density": {
      "mean": 0.8085670941920174,
      "std": 0.240231779036433,
      "min": 0.0,
      "max": 1.1025236593059937
    },
    "isolation_density": {
      "mean": 0.3298243658133174,
      "std": 0.101205493821895,
      "min": 0.0,
      "max": 0.5269645608628659
    },
    "economic_stress_density": {
      "mean": 0.11506568741481976,
      "std": 0.040703214039753,
      "min": 0.0,
      "max": 0.21333333333333335
    },
    "domestic_stress_density": {
      "mean": 0.012452796701551328,
      "std": 0.0059182534233317725,
      "min": 0.0,
      "max": 0.034934497816593885
    },
    "post_volume": {
      "mean": 814.1586206896552,
      "std": 450.57001977529137,
      "min": 0.0,
      "max": 1625.0
    },
    "avg_comments": {
      "mean": 0.0,
      "std": 0.0,
      "min": 0.0,
      "max": 0.0
    },
    "unique_posters": {
      "mean": 724.4758620689655,
      "std": 378.32808518310424,
      "min": 0.0,
      "max": 1508.0
    },
    "new_poster_ratio": {
      "mean": 0.7780142421508364,
      "std": 0.23767361427664,
      "min": 0.0,
      "max": 1.0
    },
    "posting_time_entropy": {
      "mean": 1.094456149407577,
      "std": 1.4936012020801646,
      "min": 0.0,
      "max": 3.15805110311144
    },
    "dominant_topic": {
      "mean": 0.0,
      "std": 0.0,
      "min": 0.0,
      "max": 0.0
    },
    "topic_entropy": {
      "mean": 0.6224200250274639,
      "std": 0.27644913759828005,
      "min": 0.0,
      "max": 1.4027899991774109
    },
    "topic_shift_jsd": {
      "mean": 0.13713892100852487,
      "std": 0.05771716439142288,
      "min": 0.0,
      "max": 0.2781577192726334
    },
    "topic_shift_jsd_4w": {
      "mean": 0.13746387204629987,
      "std": 0.05651045479178762,
      "min": 0.0,
      "max": 0.2857179583136757
    },
    "avg_word_count_delta": {
      "mean": -0.1302135515217805,
      "std": 39.34208303223465,
      "min": -192.0940499040307,
      "max": 200.92
    },
    "std_word_count_delta": {
      "mean": 0.07651991931856593,
      "std": 63.579108932948756,
      "min": -386.4726260178906,
      "max": 230.9691096229104
    },
    "avg_char_count_delta": {
      "mean": -0.6783703356786748,
      "std": 201.47288150716338,
      "min": -983.8771593090211,
      "max": 1029.7344
    },
    "avg_type_token_ratio_delta": {
      "mean": 0.00017354380180485178,
      "std": 0.1420056727587254,
      "min": -0.7090227844992564,
      "max": 0.7044257171139162
    },
    "avg_flesch_kincaid_delta": {
      "mean": 0.0120855846686842,
      "std": 1.9039727751785156,
      "min": -12.58521567680726,
      "max": 7.535221092145769
    },
    "first_person_singular_ratio_delta": {
      "mean": 1.6383030959882633e-05,
      "std": 0.020399572899501384,
      "min": -0.10108003458178992,
      "max": 0.10067029175450125
    },
    "first_person_plural_ratio_delta": {
      "mean": 1.6467070593734627e-08,
      "std": 0.0004453925626967384,
      "min": -0.0016681590570161008,
      "max": 0.0019689724174770428
    },
    "avg_compound_delta": {
      "mean": 0.0001544442620444604,
      "std": 0.0884429416018144,
      "min": -0.41342752,
      "max": 0.45567312859884834
    },
    "avg_positive_delta": {
      "mean": -3.236543797547198e-05,
      "std": 0.023497742152364817,
      "min": -0.11453157894736844,
      "max": 0.117971477960242
    },
    "avg_negative_delta": {
      "mean": 1.0904317407646039e-05,
      "std": 0.03527449736611341,
      "min": -0.1731957773512476,
      "max": 0.17466119273984443
    },
    "avg_neutral_delta": {
      "mean": 2.1626295177084184e-05,
      "std": 0.1459391168875803,
      "min": -0.7172245681381957,
      "max": 0.7186127999999999
    },
    "pct_very_negative_delta": {
      "mean": -0.00022835576241391669,
      "std": 0.13023144151994553,
      "min": -0.6602687140115163,
      "max": 0.6352
    },
    "pct_negative_delta": {
      "mean": 0.00012509701210620968,
      "std": 0.02144852331903231,
      "min": -0.07869481765834933,
      "max": 0.09177820267686425
    },
    "pct_neutral_delta": {
      "mean": 0.0001433542525657944,
      "std": 0.008954176951914078,
      "min": -0.02631578947368421,
      "max": 0.026529108327192335
    },
    "pct_positive_delta": {
      "mean": -4.0095502258087756e-05,
      "std": 0.059665607153644336,
      "min": -0.28421052631578947,
      "max": 0.2843560933448574
    },
    "hopelessness_density_delta": {
      "mean": -6.216198250020276e-06,
      "std": 0.0006956080155081198,
      "min": -0.0031060753849997775,
      "max": 0.0027224078555860023
    },
    "help_seeking_density_delta": {
      "mean": -1.697167421439674e-06,
      "std": 0.0009834743758340677,
      "min": -0.0053812600710907,
      "max": 0.003689630379872957
    },
    "distress_density_delta": {
      "mean": -1.844023887010612e-07,
      "std": 0.0017252701627331586,
      "min": -0.008922762884171119,
      "max": 0.007986836931947907
    },
    "suicidality_density_delta": {
      "mean": -0.001815124222795272,
      "std": 0.1911800090875612,
      "min": -0.9404990403071017,
      "max": 0.8738049713193117
    },