{
  "subreddit": "suicidewatch",
  "features": {
    "avg_word_count": {
      "mean": 179.9221818051337,
      "std": 15.168166749725048,
      "min": 147.64930555555554,
      "max": 215.1103896103896
    },
    "std_word_count": {
      "mean": 206.10811478855493,
      "std": 36.080010839461714,
      "min": 147.3945748001917,
      "max": 386.4726260178906
    },
    "avg_char_count": {
      "mean": 921.4614001862175,
      "std": 78.69168461434964,
      "min": 757.8229166666666,
      "max": 1105.3103896103896
    },
    "avg_type_token_ratio": {
      "mean": 0.6961997080226204,
      "std": 0.012372009628887095,
      "min": 0.6648915097711205,
      "max": 0.7255350079418897
    },
    "avg_flesch_kincaid": {
      "mean": 7.421698004105165,
      "std": 0.6885300074466598,
      "min": 6.2563058279847885,
      "max": 12.585215676807262
    },
    "first_person_singular_ratio": {
      "mean": 0.09989669231210206,
      "std": 0.0021245696880076606,
      "min": 0.09498327128315048,
      "max": 0.11107075695407578
    },
    "first_person_plural_ratio": {
      "mean": 0.0015694595635917,
      "std": 0.00024639117622415906,
      "min": 0.0007803072760679779,
      "max": 0.0025968013248295996
    },
    "avg_compound": {
      "mean": -0.41992994831021513,
      "std": 0.028621873544087566,
      "min": -0.4984094249201279,
      "max": -0.3544340611353712
    },
    "avg_positive": {
      "mean": 0.11248175846331541,
      "std": 0.0028112464600893432,
      "min": 0.10614181286549708,
      "max": 0.12396744186046511
    },
    "avg_negative": {
      "mean": 0.17158278347050976,
      "std": 0.004029920810779145,
      "min": 0.15940611353711792,
      "max": 0.18239999999999998
    },
    "avg_neutral": {
      "mean": 0.7159331272551971,
      "std": 0.005136762177045941,
      "min": 0.7040486111111111,
      "max": 0.7286899563318778
    },
    "pct_very_negative": {
      "mean": 0.6354999907679391,
      "std": 0.021960066023841086,
      "min": 0.5831202046035806,
      "max": 0.6961602671118531
    },
    "pct_negative": {
      "mean": 0.08568111642210147,
      "std": 0.011077896770074544,
      "min": 0.05555555555555555,
      "max": 0.11573236889692586
    },
    "pct_neutral": {
      "mean": 0.023301119240463245,
      "std": 0.008042434116274658,
      "min": 0.0,
      "max": 0.04458204334365325
    },
    "pct_positive": {
      "mean": 0.2555177735694963,
      "std": 0.016647920531278462,
      "min": 0.20253164556962025,
      "max": 0.2926829268292683
    },
    "hopelessness_density": {
      "mean": 0.002749439056369499,
      "std": 0.0003229624203543966,
      "min": 0.002102965245538045,
      "max": 0.003907802928491622
    },
    "help_seeking_density": {
      "mean": 0.003132628449390949,
      "std": 0.0005867539975134453,
      "min": 0.0019896945774820775,
      "max": 0.005472155338366851
    },
    "distress_density": {
      "mean": 0.008237017782810366,
      "std": 0.0006424245444893236,
      "min": 0.006563186819156885,
      "max": 0.010601642645502323
    },
    "post_volume": {
      "mean": 922.8896551724138,
      "std": 431.16161118736653,
      "min": 142.0,
      "max": 1695.0
    },
    "avg_comments": {
      "mean": 0.0,
      "std": 0.0,
      "min": 0.0,
      "max": 0.0
    },
    "unique_posters": {
      "mean": 811.3862068965517,
      "std": 345.44275507043324,
      "min": 142.0,
      "max": 1508.0
    },
    "new_poster_ratio": {
      "mean": 0.8235215284456154,
      "std": 0.11554402694538116,
      "min": 0.6320450885668277,
      "max": 1.0
    },
    "posting_time_entropy": {
      "mean": 1.3113582983915397,
      "std": 1.5467090724396153,
      "min": 0.0,
      "max": 3.15805110311144
    },
    "dominant_topic": {
      "mean": 0.0,
      "std": 0.0,
      "min": 0.0,
      "max": 0.0
    },
    "topic_entropy": {
      "mean": 0.9161823318531911,
      "std": 0.25142899340745206,
      "min": 0.28998604703320907,
      "max": 1.5513712715511299
    },
    "topic_shift_jsd": {
      "mean": 0.1582359768868039,
      "std": 0.052445401217992585,
      "min": 0.00598186270178108,
      "max": 0.31713603820204983
    },
    "topic_shift_jsd_4w": {
      "mean": 0.16728209083960474,
      "std": 0.05455435007204588,
      "min": 0.03820341791345141,
      "max": 0.28478934991028193
    },
    "avg_word_count_delta": {
      "mean": -0.09622465879854111,
      "std": 13.148826867585608,
      "min": -40.37178861788618,
      "max": 37.51788583509514
    },
    "std_word_count_delta": {
      "mean": 0.2633814358586674,
      "std": 42.70735063034433,
      "min": -173.46034396721697,
      "max": 227.9284657062127
    },
    "avg_char_count_delta": {
      "mean": -0.48718716614725255,
      "std": 67.90081844657598,
      "min": -206.94065040650412,
      "max": 196.49007953287037
    },
    "avg_type_token_ratio_delta": {
      "mean": 0.000171032882187847,
      "std": 0.009245159602927776,
      "min": -0.02938051049082746,
      "max": 0.03325221885326435
    },
    "avg_flesch_kincaid_delta": {
      "mean": 0.00200475863990807,
      "std": 0.9147502943135153,
      "min": -5.049994584661493,
      "max": 5.002195163760493
    },
    "first_person_singular_ratio_delta": {
      "mean": 3.5409797757949396e-06,
      "std": 0.0027525122759344527,
      "min": -0.011003209758295926,
      "max": 0.010400465199574535
    },
    "first_person_plural_ratio_delta": {
      "mean": 2.6406439813302966e-06,
      "std": 0.0003245487513241207,
      "min": -0.0012397212386926538,
      "max": 0.001089948970160702
    },
    "avg_compound_delta": {
      "mean": 6.518348018403781e-05,
      "std": 0.03213667103762109,
      "min": -0.07721445091666168,
      "max": 0.08839492111937414
    },
    "avg_positive_delta": {
      "mean": 2.1037968287576168e-07,
      "std": 0.0036700449534499665,
      "min": -0.015933415395436745,
      "max": 0.012503486222757168
    },
    "avg_negative_delta": {
      "mean": 2.0145125741710295e-05,
      "std": 0.004095614284732105,
      "min": -0.012309441233140622,
      "max": 0.010604021124060975
    },
    "avg_neutral_delta": {
      "mean": -2.027951696977318e-05,
      "std": 0.005356034217022742,
      "min": -0.010923720904699175,
      "max": 0.013855092979293882
    },
    "pct_very_negative_delta": {
      "mean": -8.111102706701835e-05,
      "std": 0.022169417458755572,
      "min": -0.0662984137901389,
      "max": 0.054811982154238326
    },
    "pct_negative_delta": {
      "mean": 2.7803578345601005e-05,
      "std": 0.014735407518192594,
      "min": -0.051973979635180884,
      "max": 0.05155635955336535
    },
    "pct_neutral_delta": {
      "mean": 0.00010731243919670235,
      "std": 0.008283815378469965,
      "min": -0.0248565965583174,
      "max": 0.026529108327192335
    },
    "pct_positive_delta": {
      "mean": -5.400499047528553e-05,
      "std": 0.021309398266890895,
      "min": -0.05722559675749306,
      "max": 0.05921332087333278
    },
    "hopelessness_density_delta": {
      "mean": -4.8169810018230736e-06,
      "std": 0.0004525539155221582,
      "min": -0.001185046782109284,
      "max": 0.0012916870568809124
    },
    "help_seeking_density_delta": {
      "mean": -1.6342025873015934e-06,
      "std": 0.0007096594277495626,
      "min": -0.0022081056709089813,
      "max": 0.0028174486858357902
    },
    "distress_density_delta": {
      "mean": -1.0777926105822904e-06,
      "std": 0.0008059803258286326,
      "min": -0.002114640815829426,
      "max": 0.0024846692107895058
    },
    "post_volume_delta": {
      "mean": 5.3310344827586205,
      "std": 232.0875090938645,
      "min": -867.0,
      "max": 1018.0
    },
    "avg_comments_delta": {
      "mean": 0.0,
      "std": 0.0,
      "min": 0.0,
      "max": 0.0
    },
    "unique_posters_delta": {
      "mean": 3.3517241379310345,
      "std": 207.76878612195347,
      "min": -867.0,
      "max": 967.0
    },